 isweep, gm, i_id, id, i_cgg, cgg, i_cgs, cgs, i_cgd, cgd, i_cds, cds, i_css, css, i_cdd, cdd, i_gds, gds, i_vth, vth, i_vdsat, vdsat, i_vgs, vgs, i_vds, vds, i_rds, rds, i_wt, wt, i_ft, ft, i_gm_id, gm_id, L, pdk
 1.00000000e-09, 1.41247696e-08, 1.00000000e-09, 9.99792876e-10, 1.00000000e-09, 4.90582468e-16, 1.00000000e-09 -5.28968632e-17, 1.00000000e-09, 5.62610330e-18, 1.00000000e-09, 3.35862823e-17, 1.00000000e-09, 5.02489408e-17, 1.00000000e-09 -3.41819920e-18, 1.00000000e-09, 2.43895234e-09, 1.00000000e-09, 6.73848446e-01, 1.00000000e-09, 4.08831096e-02, 1.00000000e-09, 2.07488943e-01, 1.00000000e-09, 2.07488943e-01, 1.00000000e-09, 4.10012111e+08, 1.00000000e-09, 2.87918352e+07, 1.00000000e-09, 4.58236290e+06, 1.00000000e-09, 1.41276958e+01 , .150, SKY130
 1.50000000e-09, 2.09394726e-08, 1.50000000e-09, 1.50537766e-09, 1.50000000e-09, 4.95251913e-16, 1.50000000e-09 -6.34425465e-17, 1.50000000e-09, 6.86348727e-18, 1.50000000e-09, 4.01593760e-17, 1.50000000e-09, 6.00672720e-17, 1.50000000e-09 -4.21581836e-18, 1.50000000e-09, 3.56876943e-09, 1.50000000e-09, 6.69587776e-01, 1.50000000e-09, 4.09481321e-02, 1.50000000e-09, 2.32420978e-01, 1.50000000e-09, 2.32420978e-01, 1.50000000e-09, 2.80208632e+08, 1.50000000e-09, 4.22804477e+07, 1.50000000e-09, 6.72914224e+06, 1.50000000e-09, 1.39097803e+01 , .150, SKY130
 2.00000000e-09, 2.76038711e-08, 2.00000000e-09, 1.99979396e-09, 2.00000000e-09, 4.99358132e-16, 2.00000000e-09 -7.19606372e-17, 2.00000000e-09, 7.85998500e-18, 2.00000000e-09, 4.54395580e-17, 2.00000000e-09, 6.79618551e-17, 2.00000000e-09 -4.84836749e-18, 2.00000000e-09, 4.66822049e-09, 2.00000000e-09, 6.66592923e-01, 2.00000000e-09, 4.10102004e-02, 2.00000000e-09, 2.49945877e-01, 2.00000000e-09, 2.49945876e-01, 2.00000000e-09, 2.14214389e+08, 2.00000000e-09, 5.52787055e+07, 2.00000000e-09, 8.79787923e+06, 2.00000000e-09, 1.38033576e+01 , .150, SKY130
 2.50000000e-09, 3.44062450e-08, 2.50000000e-09, 2.50388460e-09, 2.50000000e-09, 5.03163934e-16, 2.50000000e-09 -7.94650524e-17, 2.50000000e-09, 8.73750036e-18, 2.50000000e-09, 5.00734045e-17, 2.50000000e-09, 7.48933486e-17, 2.50000000e-09 -5.40052108e-18, 2.50000000e-09, 5.78642848e-09, 2.50000000e-09, 6.64205783e-01, 2.50000000e-09, 4.10725743e-02, 2.50000000e-09, 2.63914631e-01, 2.50000000e-09, 2.63914630e-01, 2.50000000e-09, 1.72818173e+08, 2.50000000e-09, 6.83797918e+07, 2.50000000e-09, 1.08829819e+07, 2.50000000e-09, 1.37411464e+01 , .150, SKY130
 3.00000000e-09, 4.11438444e-08, 3.00000000e-09, 3.00242897e-09, 3.00000000e-09, 5.06620784e-16, 3.00000000e-09 -8.60479703e-17, 3.00000000e-09, 9.50753128e-18, 3.00000000e-09, 5.41259828e-17, 3.00000000e-09, 8.09570989e-17, 3.00000000e-09 -5.88216941e-18, 3.00000000e-09, 6.89094714e-09, 3.00000000e-09, 6.62269335e-01, 3.00000000e-09, 4.11336415e-02, 3.00000000e-09, 2.75246087e-01, 3.00000000e-09, 2.75246086e-01, 3.00000000e-09, 1.45117932e+08, 3.00000000e-09, 8.12123105e+07, 3.00000000e-09, 1.29253407e+07, 3.00000000e-09, 1.37035197e+01 , .150, SKY130
 3.50000000e-09, 4.78934124e-08, 3.50000000e-09, 3.50103849e-09, 3.50000000e-09, 5.09825819e-16, 3.50000000e-09 -9.19973972e-17, 3.50000000e-09, 1.02039083e-17, 3.50000000e-09, 5.77795906e-17, 3.50000000e-09, 8.64249369e-17, 3.50000000e-09 -6.31585143e-18, 3.50000000e-09, 7.99501744e-09, 3.50000000e-09, 6.60626347e-01, 3.50000000e-09, 4.11942500e-02, 3.50000000e-09, 2.84860317e-01, 3.50000000e-09, 2.84860316e-01, 3.50000000e-09, 1.25077901e+08, 3.50000000e-09, 9.39407355e+07, 3.50000000e-09, 1.49511324e+07, 3.50000000e-09, 1.36797732e+01 , .150, SKY130
 4.00000000e-09, 5.46662327e-08, 4.00000000e-09, 4.00050860e-09, 4.00000000e-09, 5.12823479e-16, 4.00000000e-09 -9.74524356e-17, 4.00000000e-09, 1.08428977e-17, 4.00000000e-09, 6.11226289e-17, 4.00000000e-09, 9.14286932e-17, 4.00000000e-09 -6.71243530e-18, 4.00000000e-09, 9.10090344e-09, 4.00000000e-09, 6.59197575e-01, 4.00000000e-09, 4.12545844e-02, 4.00000000e-09, 2.93221016e-01, 4.00000000e-09, 2.93221015e-01, 4.00000000e-09, 1.09879201e+08, 4.00000000e-09, 1.06598537e+08, 4.00000000e-09, 1.69656841e+07, 4.00000000e-09, 1.36648207e+01 , .150, SKY130
 4.50000000e-09, 6.14544440e-08, 4.50000000e-09, 4.50024075e-09, 4.50000000e-09, 5.15640308e-16, 4.50000000e-09 -1.02496955e-16, 4.50000000e-09, 1.14342623e-17, 4.50000000e-09, 6.42085120e-17, 4.50000000e-09, 9.60480459e-17, 4.50000000e-09 -7.07843741e-18, 4.50000000e-09, 1.02076264e-08, 4.50000000e-09, 6.57934951e-01, 4.50000000e-09, 4.13146288e-02, 4.50000000e-09, 3.00609481e-01, 4.50000000e-09, 3.00609480e-01, 4.50000000e-09, 9.79659678e+07, 4.50000000e-09, 1.19180838e+08, 4.50000000e-09, 1.89682195e+07, 4.50000000e-09, 1.36558125e+01 , .150, SKY130
 5.00000000e-09, 6.82559267e-08, 5.00000000e-09, 5.00007225e-09, 5.00000000e-09, 5.18299450e-16, 5.00000000e-09 -1.07196357e-16, 5.00000000e-09, 1.19855967e-17, 5.00000000e-09, 6.70786987e-17, 5.00000000e-09, 1.00344885e-16, 5.00000000e-09 -7.41886440e-18, 5.00000000e-09, 1.13150757e-08, 5.00000000e-09, 6.56804298e-01, 5.00000000e-09, 4.13744024e-02, 5.00000000e-09, 3.07225691e-01, 5.00000000e-09, 3.07225689e-01, 5.00000000e-09, 8.83776677e+07, 5.00000000e-09, 1.31692069e+08, 5.00000000e-09, 2.09594437e+07, 5.00000000e-09, 1.36509881e+01 , .150, SKY130
 5.50000000e-09, 7.50701264e-08, 5.50000000e-09, 5.49996192e-09, 5.50000000e-09, 5.20820041e-16, 5.50000000e-09 -1.11601249e-16, 5.50000000e-09, 1.25027692e-17, 5.50000000e-09, 6.97651791e-17, 5.50000000e-09, 1.04366988e-16, 5.50000000e-09 -7.73755439e-18, 5.50000000e-09, 1.24233453e-08, 5.50000000e-09, 6.55780836e-01, 5.50000000e-09, 4.14339279e-02, 5.50000000e-09, 3.13214651e-01, 5.50000000e-09, 3.13214649e-01, 5.50000000e-09, 8.04936169e+07, 5.50000000e-09, 1.44138321e+08, 5.50000000e-09, 2.29403263e+07, 5.50000000e-09, 1.36492084e+01 , .150, SKY130
 6.00000000e-09, 8.18967000e-08, 6.00000000e-09, 5.99988760e-09, 6.00000000e-09, 5.23217758e-16, 6.00000000e-09 -1.15751218e-16, 6.00000000e-09, 1.29903653e-17, 6.00000000e-09, 7.22929228e-17, 6.00000000e-09, 1.08151658e-16, 6.00000000e-09 -8.03748939e-18, 6.00000000e-09, 1.35325272e-08, 6.00000000e-09, 6.54846150e-01, 6.00000000e-09, 4.14932232e-02, 6.00000000e-09, 3.18684125e-01, 6.00000000e-09, 3.18684123e-01, 6.00000000e-09, 7.38960273e+07, 6.00000000e-09, 1.56525077e+08, 6.00000000e-09, 2.49117398e+07, 6.00000000e-09, 1.36497057e+01 , .150, SKY130
 6.50000000e-09, 8.87353748e-08, 6.50000000e-09, 6.49983441e-09, 6.50000000e-09, 5.25505591e-16, 6.50000000e-09 -1.19677869e-16, 6.50000000e-09, 1.34520433e-17, 6.50000000e-09, 7.46818280e-17, 6.50000000e-09, 1.11728633e-16, 6.50000000e-09 -8.32103750e-18, 6.50000000e-09, 1.46426976e-08, 6.50000000e-09, 6.53986191e-01, 6.50000000e-09, 4.15523020e-02, 6.50000000e-09, 3.23716323e-01, 6.50000000e-09, 3.23716321e-01, 6.50000000e-09, 6.82934273e+07, 6.50000000e-09, 1.68857147e+08, 6.50000000e-09, 2.68744496e+07, 6.50000000e-09, 1.36519439e+01 , .150, SKY130
 7.00000000e-09, 9.55859780e-08, 7.00000000e-09, 6.99979618e-09, 7.00000000e-09, 5.27694462e-16, 7.00000000e-09 -1.23406930e-16, 7.00000000e-09, 1.38907802e-17, 7.00000000e-09, 7.69480660e-17, 7.00000000e-09, 1.15122082e-16, 7.00000000e-09 -8.59011805e-18, 7.00000000e-09, 1.57539284e-08, 7.00000000e-09, 6.53189992e-01, 7.00000000e-09, 4.16111756e-02, 7.00000000e-09, 3.28375421e-01, 7.00000000e-09, 3.28375419e-01, 7.00000000e-09, 6.34762312e+07, 7.00000000e-09, 1.81138869e+08, 7.00000000e-09, 2.88291464e+07, 7.00000000e-09, 1.36555373e+01 , .150, SKY130
 7.50000000e-09, 1.02448329e-07, 7.50000000e-09, 7.49976693e-09, 7.50000000e-09, 5.29793623e-16, 7.50000000e-09 -1.26959628e-16, 7.50000000e-09, 1.43090319e-17, 7.50000000e-09, 7.91049604e-17, 7.50000000e-09, 1.18351925e-16, 7.50000000e-09 -8.84630909e-18, 7.50000000e-09, 1.68662745e-08, 7.50000000e-09, 6.52448835e-01, 7.50000000e-09, 4.16698530e-02, 7.50000000e-09, 3.32712424e-01, 7.50000000e-09, 3.32712422e-01, 7.50000000e-09, 5.92899162e+07, 7.50000000e-09, 1.93374032e+08, 7.50000000e-09, 3.07764330e+07, 7.50000000e-09, 1.36602017e+01 , .150, SKY130
 8.00000000e-09, 1.09322288e-07, 8.00000000e-09, 7.99974431e-09, 8.00000000e-09, 5.31811008e-16, 8.00000000e-09 -1.30353744e-16, 8.00000000e-09, 1.47088551e-17, 8.00000000e-09, 8.11636543e-17, 8.00000000e-09, 1.21434823e-16, 8.00000000e-09 -9.09092816e-18, 8.00000000e-09, 1.79797849e-08, 8.00000000e-09, 6.51755675e-01, 8.00000000e-09, 4.17283417e-02, 8.00000000e-09, 3.36768570e-01, 8.00000000e-09, 3.36768568e-01, 8.00000000e-09, 5.56180181e+07, 8.00000000e-09, 2.05566049e+08, 8.00000000e-09, 3.27168528e+07, 8.00000000e-09, 1.36657228e+01 , .150, SKY130
 8.50000000e-09, 1.16207711e-07, 8.50000000e-09, 8.49972591e-09, 8.50000000e-09, 5.33753471e-16, 8.50000000e-09 -1.33604322e-16, 8.50000000e-09, 1.50919903e-17, 8.50000000e-09, 8.31335653e-17, 8.50000000e-09, 1.24384857e-16, 8.50000000e-09 -9.32508732e-18, 8.50000000e-09, 1.90944977e-08, 8.50000000e-09, 6.51104736e-01, 8.50000000e-09, 4.17866480e-02, 8.50000000e-09, 3.40577650e-01, 8.50000000e-09, 3.40577647e-01, 8.50000000e-09, 5.23711080e+07, 8.50000000e-09, 2.17717949e+08, 8.50000000e-09, 3.46508877e+07, 8.50000000e-09, 1.36719362e+01 , .150, SKY130
 9.00000000e-09, 1.23104475e-07, 9.00000000e-09, 8.99971120e-09, 9.00000000e-09, 5.35626981e-16, 9.00000000e-09 -1.36724238e-16, 9.00000000e-09, 1.54599274e-17, 9.00000000e-09, 8.50227433e-17, 9.00000000e-09, 1.27214069e-16, 9.00000000e-09 -9.54973612e-18, 9.00000000e-09, 2.02104466e-08, 9.00000000e-09, 6.50491225e-01, 9.00000000e-09, 4.18447772e-02, 9.00000000e-09, 3.44167716e-01, 9.00000000e-09, 3.44167713e-01, 9.00000000e-09, 4.94793619e+07, 9.00000000e-09, 2.29832476e+08, 9.00000000e-09, 3.65789746e+07, 9.00000000e-09, 1.36787139e+01 , .150, SKY130
 9.50000000e-09, 1.30012451e-07, 9.50000000e-09, 9.49969914e-09, 9.50000000e-09, 5.37436775e-16, 9.50000000e-09 -1.39724597e-16, 9.50000000e-09, 1.58139515e-17, 9.50000000e-09, 8.68381246e-17, 9.50000000e-09, 1.29932831e-16, 9.50000000e-09 -9.76569202e-18, 9.50000000e-09, 2.13276571e-08, 9.50000000e-09, 6.49911121e-01, 9.50000000e-09, 4.19027338e-02, 9.50000000e-09, 3.47562297e-01, 9.50000000e-09, 3.47562294e-01, 9.50000000e-09, 4.68874755e+07, 9.50000000e-09, 2.41912084e+08, 9.50000000e-09, 3.85015040e+07, 9.50000000e-09, 1.36859545e+01 , .150, SKY130
 1.00000000e-08, 1.36933299e-07, 1.00000000e-08, 9.99981821e-09, 1.00000000e-08, 5.39187919e-16, 1.00000000e-08 -1.42615797e-16, 1.00000000e-08, 1.61552675e-17, 1.00000000e-08, 8.85861804e-17, 1.00000000e-08, 1.32550825e-16, 1.00000000e-08 -9.97371773e-18, 1.00000000e-08, 2.24464391e-08, 1.00000000e-08, 6.49360878e-01, 1.00000000e-08, 4.19605367e-02, 1.00000000e-08, 3.50782136e-01, 1.00000000e-08, 3.50782133e-01, 1.00000000e-08, 4.45504962e+07, 1.00000000e-08, 2.53962106e+08, 1.00000000e-08, 4.04193245e+07, 1.00000000e-08, 1.36935789e+01 , .150, SKY130
 1.50000000e-08, 2.07669307e-07, 1.50000000e-08, 1.50682144e-08, 1.50000000e-08, 5.54350023e-16, 1.50000000e-08 -1.67232490e-16, 1.50000000e-08, 1.90680647e-17, 1.50000000e-08, 1.03421754e-16, 1.50000000e-08, 1.54771527e-16, 1.50000000e-08 -1.17425354e-17, 1.50000000e-08, 3.38590912e-08, 1.50000000e-08, 6.44975702e-01, 1.50000000e-08, 4.25374438e-02, 1.50000000e-08, 3.76442746e-01, 1.50000000e-08, 3.76442742e-01, 1.50000000e-08, 2.95341654e+07, 1.50000000e-08, 3.74617657e+08, 1.50000000e-08, 5.96222518e+07, 1.50000000e-08, 1.37819453e+01 , .150, SKY130
 2.00000000e-08, 2.79835049e-07, 2.00000000e-08, 2.01663239e-08, 2.00000000e-08, 5.66344784e-16, 2.00000000e-08 -1.86284613e-16, 2.00000000e-08, 2.13303813e-17, 2.00000000e-08, 1.14849140e-16, 2.00000000e-08, 1.71889520e-16, 2.00000000e-08 -1.31092792e-17, 2.00000000e-08, 4.54753412e-08, 2.00000000e-08, 6.41878043e-01, 2.00000000e-08, 4.31027585e-02, 2.00000000e-08, 3.94569229e-01, 2.00000000e-08, 3.94569223e-01, 2.00000000e-08, 2.19899395e+07, 2.00000000e-08, 4.94107224e+08, 2.00000000e-08, 7.86396071e+07, 2.00000000e-08, 1.38763540e+01 , .150, SKY130
 2.50000000e-08, 3.50216321e-07, 2.50000000e-08, 2.50775083e-08, 2.50000000e-08, 5.75929298e-16, 2.50000000e-08 -2.01300921e-16, 2.50000000e-08, 2.31181229e-17, 2.50000000e-08, 1.23824947e-16, 2.50000000e-08, 1.85336132e-16, 2.50000000e-08 -1.41854913e-17, 2.50000000e-08, 5.67888213e-08, 2.50000000e-08, 6.39575858e-01, 2.50000000e-08, 4.36343760e-02, 2.50000000e-08, 4.08040864e-01, 2.50000000e-08, 4.08040856e-01, 2.50000000e-08, 1.76090994e+07, 2.50000000e-08, 6.08089086e+08, 2.50000000e-08, 9.67803839e+07, 2.50000000e-08, 1.39653556e+01 , .150, SKY130
 3.00000000e-08, 4.21874961e-07, 3.00000000e-08, 3.00243459e-08, 3.00000000e-08, 5.84208856e-16, 3.00000000e-08 -2.14148436e-16, 3.00000000e-08, 2.46507886e-17, 3.00000000e-08, 1.31483912e-16, 3.00000000e-08, 1.96810625e-16, 3.00000000e-08 -1.51056853e-17, 3.00000000e-08, 6.82974027e-08, 3.00000000e-08, 6.37685623e-01, 3.00000000e-08, 4.41578941e-02, 3.00000000e-08, 4.19101897e-01, 3.00000000e-08, 4.19101888e-01, 3.00000000e-08, 1.46418452e+07, 3.00000000e-08, 7.22130376e+08, 3.00000000e-08, 1.14930619e+08, 3.00000000e-08, 1.40510958e+01 , .150, SKY130
 3.50000000e-08, 4.94847298e-07, 3.50000000e-08, 3.50135331e-08, 3.50000000e-08, 5.91514626e-16, 3.50000000e-08 -2.25401094e-16, 3.50000000e-08, 2.59954853e-17, 3.50000000e-08, 1.38177204e-16, 3.50000000e-08, 2.06838807e-16, 3.50000000e-08 -1.59112657e-17, 3.50000000e-08, 8.00096187e-08, 3.50000000e-08, 6.36080944e-01, 3.50000000e-08, 4.46745110e-02, 3.50000000e-08, 4.28491955e-01, 3.50000000e-08, 4.28491945e-01, 3.50000000e-08, 1.24984973e+07, 3.50000000e-08, 8.36576606e+08, 3.50000000e-08, 1.33145302e+08, 3.50000000e-08, 1.41330295e+01 , .150, SKY130
 4.00000000e-08, 5.68546952e-07, 4.00000000e-08, 4.00091249e-08, 4.00000000e-08, 5.98012750e-16, 4.00000000e-08 -2.35350376e-16, 4.00000000e-08, 2.71861631e-17, 4.00000000e-08, 1.44083970e-16, 4.00000000e-08, 2.15688903e-16, 4.00000000e-08 -1.66232690e-17, 4.00000000e-08, 9.18331177e-08, 4.00000000e-08, 6.34696349e-01, 4.00000000e-08, 4.51810276e-02, 4.00000000e-08, 4.36594151e-01, 4.00000000e-08, 4.36594140e-01, 4.00000000e-08, 1.08893178e+07, 4.00000000e-08, 9.50727140e+08, 4.00000000e-08, 1.51312924e+08, 4.00000000e-08, 1.42104321e+01 , .150, SKY130
 4.50000000e-08, 6.42835834e-07, 4.50000000e-08, 4.50059648e-08, 4.50000000e-08, 6.03857819e-16, 4.50000000e-08 -2.44255966e-16, 4.50000000e-08, 2.82532865e-17, 4.50000000e-08, 1.49362362e-16, 4.50000000e-08, 2.23597749e-16, 4.50000000e-08 -1.72603853e-17, 4.50000000e-08, 1.03746969e-07, 4.50000000e-08, 6.33480893e-01, 4.50000000e-08, 4.56775186e-02, 4.50000000e-08, 4.43706603e-01, 4.50000000e-08, 4.43706590e-01, 4.50000000e-08, 9.63883582e+06, 4.50000000e-08, 1.06454833e+09, 4.50000000e-08, 1.69428129e+08, 4.50000000e-08, 1.42833475e+01 , .150, SKY130
 5.00000000e-08, 7.17656786e-07, 5.00000000e-08, 5.00039994e-08, 5.00000000e-08, 6.09167578e-16, 5.00000000e-08 -2.52312531e-16, 5.00000000e-08, 2.92197506e-17, 5.00000000e-08, 1.54130545e-16, 5.00000000e-08, 2.30742318e-16, 5.00000000e-08 -1.78366109e-17, 5.00000000e-08, 1.15742841e-07, 5.00000000e-08, 6.32398562e-01, 5.00000000e-08, 4.61645352e-02, 5.00000000e-08, 4.50040055e-01, 5.00000000e-08, 4.50040041e-01, 5.00000000e-08, 8.63984322e+06, 5.00000000e-08, 1.17809419e+09, 5.00000000e-08, 1.87499514e+08, 5.00000000e-08, 1.43519877e+01 , .150, SKY130
 5.50000000e-08, 7.92952205e-07, 5.50000000e-08, 5.50027639e-08, 5.50000000e-08, 6.14029870e-16, 5.50000000e-08 -2.59663928e-16, 5.50000000e-08, 3.01024996e-17, 5.50000000e-08, 1.58475681e-16, 5.50000000e-08, 2.37253154e-16, 5.50000000e-08 -1.83622826e-17, 5.50000000e-08, 1.27812079e-07, 5.50000000e-08, 6.31423745e-01, 5.50000000e-08, 4.66425406e-02, 5.50000000e-08, 4.55744364e-01, 5.50000000e-08, 4.55744348e-01, 5.50000000e-08, 7.82398665e+06, 5.50000000e-08, 1.29139028e+09, 5.50000000e-08, 2.05531146e+08, 5.50000000e-08, 1.44165883e+01 , .150, SKY130
 6.00000000e-08, 8.68671665e-07, 6.00000000e-08, 6.00019425e-08, 6.00000000e-08, 6.18512478e-16, 6.00000000e-08 -2.66420241e-16, 6.00000000e-08, 3.09145177e-17, 6.00000000e-08, 1.62464347e-16, 6.00000000e-08, 2.43229975e-16, 6.00000000e-08 -1.88453061e-17, 6.00000000e-08, 1.39947009e-07, 6.00000000e-08, 6.30537513e-01, 6.00000000e-08, 4.71119719e-02, 6.00000000e-08, 4.60930308e-01, 6.00000000e-08, 4.60930291e-01, 6.00000000e-08, 7.14556177e+06, 6.00000000e-08, 1.40445293e+09, 6.00000000e-08, 2.23525627e+08, 6.00000000e-08, 1.44773924e+01 , .150, SKY130
 6.50000000e-08, 9.44771468e-07, 6.50000000e-08, 6.50013747e-08, 6.50000000e-08, 6.22668896e-16, 6.50000000e-08 -2.72667721e-16, 6.50000000e-08, 3.16659915e-17, 6.50000000e-08, 1.66148622e-16, 6.50000000e-08, 2.48750785e-16, 6.50000000e-08 -1.92918730e-17, 6.50000000e-08, 1.52140921e-07, 6.50000000e-08, 6.29725472e-01, 6.50000000e-08, 4.75732440e-02, 6.50000000e-08, 4.65682107e-01, 6.50000000e-08, 4.65682088e-01, 6.50000000e-08, 6.57285359e+06, 6.50000000e-08, 1.51729350e+09, 6.50000000e-08, 2.41484761e+08, 6.50000000e-08, 1.45346383e+01 , .150, SKY130
 7.00000000e-08, 1.02121286e-06, 7.00000000e-08, 7.00009693e-08, 7.00000000e-08, 6.26542070e-16, 7.00000000e-08 -2.78475189e-16, 7.00000000e-08, 3.23650585e-17, 7.00000000e-08, 1.69570000e-16, 7.00000000e-08, 2.53877740e-16, 7.00000000e-08 -1.97069216e-17, 7.00000000e-08, 1.64387814e-07, 7.00000000e-08, 6.28976437e-01, 7.00000000e-08, 4.80267449e-02, 7.00000000e-08, 4.70065214e-01, 7.00000000e-08, 4.70065193e-01, 7.00000000e-08, 6.08317598e+06, 7.00000000e-08, 1.62991906e+09, 7.00000000e-08, 2.59409676e+08, 7.00000000e-08, 1.45885532e+01 , .150, SKY130
 7.50000000e-08, 1.09796114e-06, 7.50000000e-08, 7.50006731e-08, 7.50000000e-08, 6.30167012e-16, 7.50000000e-08 -2.83898448e-16, 7.50000000e-08, 3.30183238e-17, 7.50000000e-08, 1.72762080e-16, 7.50000000e-08, 2.58661166e-16, 7.50000000e-08 -2.00944551e-17, 7.50000000e-08, 1.76682275e-07, 7.50000000e-08, 6.28281548e-01, 7.50000000e-08, 4.84728359e-02, 7.50000000e-08, 4.74131479e-01, 7.50000000e-08, 4.74131457e-01, 7.50000000e-08, 5.65987730e+06, 7.50000000e-08, 1.74233357e+09, 7.50000000e-08, 2.77301000e+08, 7.50000000e-08, 1.46393505e+01 , .150, SKY130
 8.00000000e-08, 1.17498489e-06, 8.00000000e-08, 8.00004494e-08, 8.00000000e-08, 6.33572639e-16, 8.00000000e-08 -2.88983370e-16, 8.00000000e-08, 3.36312224e-17, 8.00000000e-08, 1.75752448e-16, 8.00000000e-08, 2.63142388e-16, 8.00000000e-08 -2.04577630e-17, 8.00000000e-08, 1.89019383e-07, 8.00000000e-08, 6.27633670e-01, 8.00000000e-08, 4.89118525e-02, 8.00000000e-08, 4.77922651e-01, 8.00000000e-08, 4.77922628e-01, 8.00000000e-08, 5.29046272e+06, 8.00000000e-08, 1.85453857e+09, 8.00000000e-08, 2.95158980e+08, 8.00000000e-08, 1.46872287e+01 , .150, SKY130
 8.50000000e-08, 1.25225573e-06, 8.50000000e-08, 8.50002790e-08, 8.50000000e-08, 6.36783120e-16, 8.50000000e-08 -2.93768130e-16, 8.50000000e-08, 3.42082817e-17, 8.50000000e-08, 1.78564036e-16, 8.50000000e-08, 2.67355758e-16, 8.50000000e-08 -2.07995825e-17, 8.50000000e-08, 2.01394663e-07, 8.50000000e-08, 6.27026975e-01, 8.50000000e-08, 4.93441075e-02, 8.50000000e-08, 4.81472837e-01, 8.50000000e-08, 4.81472812e-01, 8.50000000e-08, 4.96537489e+06, 8.50000000e-08, 1.96653412e+09, 8.50000000e-08, 3.12983626e+08, 8.50000000e-08, 1.47323720e+01 , .150, SKY130
 9.00000000e-08, 1.32974775e-06, 9.00000000e-08, 9.00001469e-08, 9.00000000e-08, 6.39818859e-16, 9.00000000e-08 -2.98284835e-16, 9.00000000e-08, 3.47533123e-17, 9.00000000e-08, 1.81216112e-16, 9.00000000e-08, 2.71330139e-16, 9.00000000e-08 -2.11222150e-17, 9.00000000e-08, 2.13804018e-07, 9.00000000e-08, 6.26456642e-01, 9.00000000e-08, 4.97698915e-02, 9.00000000e-08, 4.84810240e-01, 9.00000000e-08, 4.84810214e-01, 9.00000000e-08, 4.67718058e+06, 9.00000000e-08, 2.07831909e+09, 9.00000000e-08, 3.30774756e+08, 9.00000000e-08, 1.47749509e+01 , .150, SKY130
 9.50000000e-08, 1.40743727e-06, 9.50000000e-08, 9.50000414e-08, 9.50000000e-08, 6.42697242e-16, 9.50000000e-08 -3.02560747e-16, 9.50000000e-08, 3.52695523e-17, 9.50000000e-08, 1.83725018e-16, 9.50000000e-08, 2.75090011e-16, 9.50000000e-08 -2.14276142e-17, 9.50000000e-08, 2.26243692e-07, 9.50000000e-08, 6.25918641e-01, 9.50000000e-08, 5.01894755e-02, 9.50000000e-08, 4.87958447e-01, 9.50000000e-08, 4.87958419e-01, 9.50000000e-08, 4.42001273e+06, 9.50000000e-08, 2.18989157e+09, 9.50000000e-08, 3.48532068e+08, 9.50000000e-08, 1.48151227e+01 , .150, SKY130
 1.00000000e-07, 1.48529643e-06, 1.00000000e-07, 9.99995565e-08, 1.00000000e-07, 6.45432990e-16, 1.00000000e-07 -3.06618894e-16, 1.00000000e-07, 3.57597387e-17, 1.00000000e-07, 1.86104550e-16, 1.00000000e-07, 2.78656046e-16, 1.00000000e-07 -2.17174304e-17, 1.00000000e-07, 2.38709244e-07, 1.00000000e-07, 6.25409608e-01, 1.00000000e-07, 5.06030796e-02, 1.00000000e-07, 4.90937146e-01, 1.00000000e-07, 4.90937117e-01, 1.00000000e-07, 4.18919680e+06, 1.00000000e-07, 2.30124033e+09, 1.00000000e-07, 3.66253774e+08, 1.00000000e-07, 1.48530301e+01 , .150, SKY130
 1.50000000e-07, 2.28190094e-06, 1.50000000e-07, 1.50758759e-07, 1.50000000e-07, 6.67424431e-16, 1.50000000e-07 -3.39046667e-16, 1.50000000e-07, 3.96848303e-17, 1.50000000e-07, 2.05063327e-16, 1.50000000e-07, 3.07069639e-16, 1.50000000e-07 -2.40322631e-17, 1.50000000e-07, 3.66176507e-07, 1.50000000e-07, 6.21379359e-01, 1.50000000e-07, 5.45129700e-02, 1.50000000e-07, 5.14520867e-01, 1.50000000e-07, 5.14520823e-01, 1.50000000e-07, 2.73092342e+06, 1.50000000e-07, 3.41896526e+09, 1.50000000e-07, 5.44145221e+08, 1.50000000e-07, 1.51361085e+01 , .150, SKY130
 2.00000000e-07, 3.08554323e-06, 2.00000000e-07, 2.01778399e-07, 2.00000000e-07, 6.83020219e-16, 2.00000000e-07 -3.61853452e-16, 2.00000000e-07, 4.24537545e-17, 2.00000000e-07, 2.18338314e-16, 2.00000000e-07, 3.26966452e-16, 2.00000000e-07 -2.56592074e-17, 2.00000000e-07, 4.94631795e-07, 2.00000000e-07, 6.18558541e-01, 2.00000000e-07, 5.80237901e-02, 2.00000000e-07, 5.31027398e-01, 2.00000000e-07, 5.31027340e-01, 2.00000000e-07, 2.02170586e+06, 2.00000000e-07, 4.51749911e+09, 2.00000000e-07, 7.18982313e+08, 2.00000000e-07, 1.52917421e+01 , .150, SKY130
 2.50000000e-07, 3.85366599e-06, 2.50000000e-07, 2.50780179e-07, 2.50000000e-07, 6.94579091e-16, 2.50000000e-07 -3.78664926e-16, 2.50000000e-07, 4.44990555e-17, 2.50000000e-07, 2.28092353e-16, 2.50000000e-07, 3.41586832e-16, 2.50000000e-07 -2.68578628e-17, 2.50000000e-07, 6.17270885e-07, 2.50000000e-07, 6.16470081e-01, 2.50000000e-07, 6.11009006e-02, 2.50000000e-07, 5.43248411e-01, 2.50000000e-07, 5.43248338e-01, 2.50000000e-07, 1.62003429e+06, 2.50000000e-07, 5.54820328e+09, 2.50000000e-07, 8.83023977e+08, 2.50000000e-07, 1.53667088e+01 , .150, SKY130
 3.00000000e-07, 4.62168865e-06, 3.00000000e-07, 3.00224093e-07, 3.00000000e-07, 7.04078606e-16, 3.00000000e-07 -3.92426464e-16, 3.00000000e-07, 4.61759085e-17, 3.00000000e-07, 2.36056807e-16, 3.00000000e-07, 3.53525342e-16, 3.00000000e-07 -2.78386518e-17, 3.00000000e-07, 7.39751846e-07, 3.00000000e-07, 6.14746927e-01, 3.00000000e-07, 6.39762146e-02, 3.00000000e-07, 5.53331778e-01, 3.00000000e-07, 5.53331691e-01, 3.00000000e-07, 1.35180467e+06, 3.00000000e-07, 6.56416572e+09, 3.00000000e-07, 1.04471942e+09, 3.00000000e-07, 1.53941298e+01 , .150, SKY130
 3.50000000e-07, 5.38779460e-06, 3.50000000e-07, 3.50121260e-07, 3.50000000e-07, 7.12138258e-16, 3.50000000e-07 -4.04065185e-16, 3.50000000e-07, 4.75958856e-17, 3.50000000e-07, 2.42778426e-16, 3.50000000e-07, 3.63601270e-16, 3.50000000e-07 -2.86678442e-17, 3.50000000e-07, 8.61781312e-07, 3.50000000e-07, 6.13275519e-01, 3.50000000e-07, 6.66879165e-02, 3.50000000e-07, 5.61942007e-01, 3.50000000e-07, 5.61941906e-01, 3.50000000e-07, 1.16038720e+06, 3.50000000e-07, 7.56565812e+09, 3.50000000e-07, 1.20411189e+09, 3.50000000e-07, 1.53883674e+01 , .150, SKY130
 4.00000000e-07, 6.14486324e-06, 4.00000000e-07, 4.00079885e-07, 4.00000000e-07, 7.19084872e-16, 4.00000000e-07 -4.14070359e-16, 4.00000000e-07, 4.88178462e-17, 4.00000000e-07, 2.48546020e-16, 4.00000000e-07, 3.72247385e-16, 4.00000000e-07 -2.93804200e-17, 4.00000000e-07, 9.82225539e-07, 4.00000000e-07, 6.11997404e-01, 4.00000000e-07, 6.92437956e-02, 4.00000000e-07, 5.69421147e-01, 4.00000000e-07, 5.69421031e-01, 4.00000000e-07, 1.01809611e+06, 4.00000000e-07, 8.54539358e+09, 4.00000000e-07, 1.36004163e+09, 4.00000000e-07, 1.53590907e+01 , .150, SKY130
 4.50000000e-07, 6.89165698e-06, 4.50000000e-07, 4.50051005e-07, 4.50000000e-07, 7.25178194e-16, 4.50000000e-07 -4.22827113e-16, 4.50000000e-07, 4.98882885e-17, 4.50000000e-07, 2.53585763e-16, 4.50000000e-07, 3.79802625e-16, 4.50000000e-07 -3.00038932e-17, 4.50000000e-07, 1.10089151e-06, 4.50000000e-07, 6.10866719e-01, 4.50000000e-07, 7.16650780e-02, 4.50000000e-07, 5.76037574e-01, 4.50000000e-07, 5.76037443e-01, 4.50000000e-07, 9.08354723e+05, 4.50000000e-07, 9.50339797e+09, 4.50000000e-07, 1.51251276e+09, 4.50000000e-07, 1.53130576e+01 , .150, SKY130
 5.00000000e-07, 7.62797992e-06, 5.00000000e-07, 5.00033812e-07, 5.00000000e-07, 7.30601313e-16, 5.00000000e-07 -4.30605800e-16, 5.00000000e-07, 5.08399037e-17, 5.00000000e-07, 2.58056085e-16, 5.00000000e-07, 3.86504422e-16, 5.00000000e-07 -3.05575722e-17, 5.00000000e-07, 1.21775299e-06, 5.00000000e-07, 6.09851431e-01, 5.00000000e-07, 7.39702166e-02, 5.00000000e-07, 5.81978737e-01, 5.00000000e-07, 5.81978592e-01, 5.00000000e-07, 8.21184600e+05, 5.00000000e-07, 1.04406874e+10, 5.00000000e-07, 1.66168701e+09, 5.00000000e-07, 1.52549282e+01 , .150, SKY130
 5.50000000e-07, 8.35375930e-06, 5.50000000e-07, 5.50023393e-07, 5.50000000e-07, 7.35484219e-16, 5.50000000e-07 -4.37597849e-16, 5.50000000e-07, 5.16958630e-17, 5.50000000e-07, 2.62069017e-16, 5.50000000e-07, 3.92520668e-16, 5.50000000e-07 -3.10551266e-17, 5.50000000e-07, 1.33280375e-06, 5.50000000e-07, 6.08928971e-01, 5.50000000e-07, 7.61736181e-02, 5.50000000e-07, 5.87376706e-01, 5.50000000e-07, 5.87376547e-01, 5.50000000e-07, 7.50298010e+05, 5.50000000e-07, 1.13581761e+10, 5.50000000e-07, 1.80770988e+09, 5.50000000e-07, 1.51880073e+01 , .150, SKY130
 6.00000000e-07, 9.06906535e-06, 6.00000000e-07, 6.00016703e-07, 6.00000000e-07, 7.39922842e-16, 6.00000000e-07 -4.43944183e-16, 6.00000000e-07, 5.24732406e-17, 6.00000000e-07, 2.65706924e-16, 6.00000000e-07, 3.97974805e-16, 6.00000000e-07 -3.15066176e-17, 6.00000000e-07, 1.44606042e-06, 6.00000000e-07, 6.08082774e-01, 6.00000000e-07, 7.82869727e-02, 6.00000000e-07, 5.92328408e-01, 6.00000000e-07, 5.92328234e-01, 6.00000000e-07, 6.91534039e+05, 6.00000000e-07, 1.22567717e+10, 6.00000000e-07, 1.95072580e+09, 6.00000000e-07, 1.51146882e+01 , .150, SKY130
 6.50000000e-07, 9.77406137e-06, 6.50000000e-07, 6.50012227e-07, 6.50000000e-07, 7.43989935e-16, 6.50000000e-07 -4.49751457e-16, 6.50000000e-07, 5.31849691e-17, 6.50000000e-07, 2.69032069e-16, 6.50000000e-07, 4.02960150e-16, 6.50000000e-07 -3.19196587e-17, 6.50000000e-07, 1.55755436e-06, 6.50000000e-07, 6.07300327e-01, 6.50000000e-07, 8.03199288e-02, 6.50000000e-07, 5.96907058e-01, 6.50000000e-07, 5.96906870e-01, 6.50000000e-07, 6.42032164e+05, 6.50000000e-07, 1.31373570e+10, 6.50000000e-07, 2.09087530e+09, 6.50000000e-07, 1.50367346e+01 , .150, SKY130
 7.00000000e-07, 1.04689631e-05, 7.00000000e-07, 7.00009134e-07, 7.00000000e-07, 7.47741911e-16, 7.00000000e-07 -4.55102211e-16, 7.00000000e-07, 5.38410649e-17, 7.00000000e-07, 2.72092592e-16, 7.00000000e-07, 4.07548850e-16, 7.00000000e-07 -3.23001415e-17, 7.00000000e-07, 1.66732515e-06, 7.00000000e-07, 6.06571960e-01, 7.00000000e-07, 8.22805425e-02, 7.00000000e-07, 6.01169255e-01, 7.00000000e-07, 6.01169052e-01, 7.00000000e-07, 5.99763039e+05, 7.00000000e-07, 1.40007708e+10, 7.00000000e-07, 2.22829188e+09, 7.00000000e-07, 1.49554665e+01 , .150, SKY130
 7.50000000e-07, 1.11540157e-05, 7.50000000e-07, 7.50006935e-07, 7.50000000e-07, 7.51223351e-16, 7.50000000e-07 -4.60061571e-16, 7.50000000e-07, 5.44494361e-17, 7.50000000e-07, 2.74926437e-16, 7.50000000e-07, 4.11797776e-16, 7.50000000e-07 -3.26527135e-17, 7.50000000e-07, 1.77541680e-06, 7.50000000e-07, 6.05890046e-01, 7.50000000e-07, 8.41756168e-02, 7.50000000e-07, 6.05159626e-01, 7.50000000e-07, 6.05159409e-01, 7.50000000e-07, 5.63248023e+05, 7.50000000e-07, 1.48478022e+10, 7.50000000e-07, 2.36310111e+09, 7.50000000e-07, 1.48718834e+01 , .150, SKY130
 8.00000000e-07, 1.18294796e-05, 8.00000000e-07, 8.00005332e-07, 8.00000000e-07, 7.54470076e-16, 8.00000000e-07 -4.64681785e-16, 8.00000000e-07, 5.50164312e-17, 8.00000000e-07, 2.77564021e-16, 8.00000000e-07, 4.15752518e-16, 8.00000000e-07 -3.29811033e-17, 8.00000000e-07, 1.88187552e-06, 8.00000000e-07, 6.05248467e-01, 8.00000000e-07, 8.60109560e-02, 8.00000000e-07, 6.08913972e-01, 8.00000000e-07, 6.08913740e-01, 8.00000000e-07, 5.31384776e+05, 8.00000000e-07, 1.56791899e+10, 8.00000000e-07, 2.49542057e+09, 8.00000000e-07, 1.47867509e+01 , .150, SKY130
 8.50000000e-07, 1.24956215e-05, 8.50000000e-07, 8.50004141e-07, 8.50000000e-07, 7.57511288e-16, 8.50000000e-07 -4.69005388e-16, 8.50000000e-07, 5.55472212e-17, 8.50000000e-07, 2.80030087e-16, 8.50000000e-07, 4.19450159e-16, 8.50000000e-07 -3.32883458e-17, 8.50000000e-07, 1.98674832e-06, 8.50000000e-07, 6.04642241e-01, 8.50000000e-07, 8.77915580e-02, 8.50000000e-07, 6.12461439e-01, 8.50000000e-07, 6.12461193e-01, 8.50000000e-07, 5.03335019e+05, 8.50000000e-07, 1.64956242e+10, 8.50000000e-07, 2.62536013e+09, 8.50000000e-07, 1.47006596e+01 , .150, SKY130
 9.00000000e-07, 1.31527090e-05, 9.00000000e-07, 9.00003237e-07, 9.00000000e-07, 7.60371093e-16, 9.00000000e-07 -4.73067449e-16, 9.00000000e-07, 5.60460717e-17, 9.00000000e-07, 2.82345020e-16, 9.00000000e-07, 4.22921252e-16, 9.00000000e-07 -3.35769430e-17, 9.00000000e-07, 2.09008203e-06, 9.00000000e-07, 6.04067259e-01, 9.00000000e-07, 8.95217625e-02, 9.00000000e-07, 6.15826074e-01, 9.00000000e-07, 6.15825813e-01, 9.00000000e-07, 4.78450120e+05, 9.00000000e-07, 1.72977499e+10, 9.00000000e-07, 2.75302240e+09, 9.00000000e-07, 1.46140685e+01 , .150, SKY130
 9.50000000e-07, 1.38010063e-05, 9.50000000e-07, 9.50002542e-07, 9.50000000e-07, 7.63069615e-16, 9.50000000e-07 -4.76897214e-16, 9.50000000e-07, 5.65165419e-17, 9.50000000e-07, 2.84525806e-16, 9.50000000e-07, 4.26191260e-16, 9.50000000e-07 -3.38489813e-17, 9.50000000e-07, 2.19192280e-06, 9.50000000e-07, 6.03520094e-01, 9.50000000e-07, 9.12053659e-02, 9.50000000e-07, 6.19027939e-01, 9.50000000e-07, 6.19027664e-01, 9.50000000e-07, 4.56220446e+05, 9.50000000e-07, 1.80861693e+10, 9.50000000e-07, 2.87850325e+09, 9.50000000e-07, 1.45273361e+01 , .150, SKY130
 1.00000000e-06, 1.44418017e-05, 1.00000000e-06, 1.00008300e-06, 1.00000000e-06, 7.65627854e-16, 1.00000000e-06 -4.80525028e-16, 1.00000000e-06, 5.69623327e-17, 1.00000000e-06, 2.86589996e-16, 1.00000000e-06, 4.29286488e-16, 1.00000000e-06 -3.41066234e-17, 1.00000000e-06, 2.29247712e-06, 1.00000000e-06, 6.02997026e-01, 1.00000000e-06, 9.28483352e-02, 1.00000000e-06, 6.22088792e-01, 1.00000000e-06, 6.22088502e-01, 1.00000000e-06, 4.36209370e+05, 1.00000000e-06, 1.88626911e+10, 1.00000000e-06, 3.00209053e+09, 1.00000000e-06, 1.44406031e+01 , .150, SKY130
 1.50000000e-06, 2.04614806e-05, 1.50000000e-06, 1.50363979e-06, 1.50000000e-06, 7.85739999e-16, 1.50000000e-06 -5.08950753e-16, 1.50000000e-06, 6.04593915e-17, 1.50000000e-06, 3.02707281e-16, 1.50000000e-06, 4.53456090e-16, 1.50000000e-06 -3.61234318e-17, 1.50000000e-06, 3.23184368e-06, 1.50000000e-06, 5.98712255e-01, 1.50000000e-06, 1.07488560e-01, 1.50000000e-06, 6.47162191e-01, 1.50000000e-06, 6.47161756e-01, 1.50000000e-06, 3.09420906e+05, 1.50000000e-06, 2.60410323e+10, 1.50000000e-06, 4.14455901e+09, 1.50000000e-06, 1.36079670e+01 , .150, SKY130
 2.00000000e-06, 2.58439126e-05, 2.00000000e-06, 2.00700580e-06, 2.00000000e-06, 7.99777449e-16, 2.00000000e-06 -5.28693283e-16, 2.00000000e-06, 6.28918882e-17, 2.00000000e-06, 3.13836918e-16, 2.00000000e-06, 4.70148454e-16, 2.00000000e-06 -3.75217057e-17, 2.00000000e-06, 4.06371521e-06, 2.00000000e-06, 5.95494631e-01, 2.00000000e-06, 1.19745451e-01, 2.00000000e-06, 6.65991002e-01, 2.00000000e-06, 6.65990422e-01, 2.00000000e-06, 2.46080236e+05, 2.00000000e-06, 3.23138801e+10, 2.00000000e-06, 5.14291374e+09, 2.00000000e-06, 1.28768500e+01 , .150, SKY130
 2.50000000e-06, 3.06612800e-05, 2.50000000e-06, 2.50256219e-06, 2.50000000e-06, 8.10387065e-16, 2.50000000e-06 -5.43563222e-16, 2.50000000e-06, 6.47255173e-17, 2.50000000e-06, 3.22180478e-16, 2.50000000e-06, 4.82663686e-16, 2.50000000e-06 -3.85731664e-17, 2.50000000e-06, 4.80178360e-06, 2.50000000e-06, 5.92900746e-01, 2.50000000e-06, 1.30296686e-01, 2.50000000e-06, 6.81169894e-01, 2.50000000e-06, 6.81169169e-01, 2.50000000e-06, 2.08255949e+05, 2.50000000e-06, 3.78353522e+10, 2.50000000e-06, 6.02168332e+09, 2.50000000e-06, 1.22519552e+01 , .150, SKY130
 3.00000000e-06, 3.51187470e-05, 3.00000000e-06, 3.00086386e-06, 3.00000000e-06, 8.19031702e-16, 3.00000000e-06 -5.55647007e-16, 3.00000000e-06, 6.62161836e-17, 3.00000000e-06, 3.28933131e-16, 3.00000000e-06, 4.92793642e-16, 3.00000000e-06 -3.94262877e-17, 3.00000000e-06, 5.47925667e-06, 3.00000000e-06, 5.90660257e-01, 3.00000000e-06, 1.39815568e-01, 3.00000000e-06, 6.94280825e-01, 3.00000000e-06, 6.94279955e-01, 3.00000000e-06, 1.82506508e+05, 3.00000000e-06, 4.28783732e+10, 3.00000000e-06, 6.82430504e+09, 3.00000000e-06, 1.17028791e+01 , .150, SKY130
 3.50000000e-06, 3.92673475e-05, 3.50000000e-06, 3.50046159e-06, 3.50000000e-06, 8.26292926e-16, 3.50000000e-06 -5.65775159e-16, 3.50000000e-06, 6.74657620e-17, 3.50000000e-06, 3.34571938e-16, 3.50000000e-06, 5.01253502e-16, 3.50000000e-06 -4.01402445e-17, 3.50000000e-06, 6.10507847e-06, 3.50000000e-06, 5.88673384e-01, 3.50000000e-06, 1.48519840e-01, 3.50000000e-06, 7.05907685e-01, 3.50000000e-06, 7.05906670e-01, 3.50000000e-06, 1.63798058e+05, 3.50000000e-06, 4.75223087e+10, 3.50000000e-06, 7.56341034e+09, 3.50000000e-06, 1.12177627e+01 , .150, SKY130
 4.00000000e-06, 4.31481436e-05, 4.00000000e-06, 4.00027243e-06, 4.00000000e-06, 8.32526072e-16, 4.00000000e-06 -5.74453736e-16, 4.00000000e-06, 6.85364127e-17, 4.00000000e-06, 3.39387013e-16, 4.00000000e-06, 5.08478202e-16, 4.00000000e-06 -4.07510861e-17, 4.00000000e-06, 6.68640772e-06, 4.00000000e-06, 5.86878760e-01, 4.00000000e-06, 1.56558584e-01, 4.00000000e-06, 7.16409562e-01, 4.00000000e-06, 7.16408402e-01, 4.00000000e-06, 1.49557138e+05, 4.00000000e-06, 5.18279789e+10, 4.00000000e-06, 8.24867903e+09, 4.00000000e-06, 1.07863013e+01 , .150, SKY130
 4.50000000e-06, 4.67995132e-05, 4.50000000e-06, 4.50016780e-06, 4.50000000e-06, 8.37971815e-16, 4.50000000e-06 -5.82024466e-16, 4.50000000e-06, 6.94701655e-17, 4.50000000e-06, 3.43573730e-16, 4.50000000e-06, 5.14760657e-16, 4.50000000e-06 -4.12831424e-17, 4.50000000e-06, 7.22978047e-06, 4.50000000e-06, 5.85233575e-01, 4.50000000e-06, 1.64049714e-01, 4.50000000e-06, 7.26036977e-01, 4.50000000e-06, 7.26035672e-01, 4.50000000e-06, 1.38316786e+05, 4.50000000e-06, 5.58485528e+10, 4.50000000e-06, 8.88857325e+09, 4.50000000e-06, 1.03995040e+01 , .150, SKY130
 5.00000000e-06, 5.02522608e-05, 5.00000000e-06, 5.00010921e-06, 5.00000000e-06, 8.42795321e-16, 5.00000000e-06 -5.88721398e-16, 5.00000000e-06, 7.02958340e-17, 5.00000000e-06, 3.47265679e-16, 5.00000000e-06, 5.20301168e-16, 5.00000000e-06 -4.17530728e-17, 5.00000000e-06, 7.74042528e-06, 5.00000000e-06, 5.83708140e-01, 5.00000000e-06, 1.71080843e-01, 5.00000000e-06, 7.34963649e-01, 5.00000000e-06, 7.34962199e-01, 5.00000000e-06, 1.29191868e+05, 5.00000000e-06, 5.96256998e+10, 5.00000000e-06, 9.48972486e+09, 5.00000000e-06, 1.00502326e+01 , .150, SKY130
 5.50000000e-06, 5.35312113e-05, 5.50000000e-06, 5.50007437e-06, 5.50000000e-06, 8.47114551e-16, 5.50000000e-06 -5.94711406e-16, 5.50000000e-06, 7.10339803e-17, 5.50000000e-06, 3.50557988e-16, 5.50000000e-06, 5.25242360e-16, 5.50000000e-06 -4.21727538e-17, 5.50000000e-06, 8.22254883e-06, 5.50000000e-06, 5.82281087e-01, 5.50000000e-06, 1.77718645e-01, 5.50000000e-06, 7.43314628e-01, 5.50000000e-06, 7.43313033e-01, 5.50000000e-06, 1.21616791e+05, 5.50000000e-06, 6.31924115e+10, 5.50000000e-06, 1.00573847e+10, 5.50000000e-06, 9.73281591e+00 , .150, SKY130
 6.00000000e-06, 5.66566913e-05, 6.00000000e-06, 6.00005250e-06, 6.00000000e-06, 8.51016765e-16, 6.00000000e-06 -6.00117742e-16, 6.00000000e-06, 7.16998036e-17, 6.00000000e-06, 3.53520826e-16, 6.00000000e-06, 5.29689446e-16, 6.00000000e-06 -4.25509559e-17, 6.00000000e-06, 8.67959011e-06, 6.00000000e-06, 5.80936487e-01, 6.00000000e-06, 1.84015260e-01, 6.00000000e-06, 7.51183111e-01, 6.00000000e-06, 7.51181371e-01, 6.00000000e-06, 1.15212814e+05, 6.00000000e-06, 6.65752940e+10, 6.00000000e-06, 1.05957871e+10, 6.00000000e-06, 9.44269927e+00 , .150, SKY130
 6.50000000e-06, 5.96455540e-05, 6.50000000e-06, 6.50003817e-06, 6.50000000e-06, 8.54568351e-16, 6.50000000e-06 -6.05034047e-16, 6.50000000e-06, 7.23048599e-17, 6.50000000e-06, 3.56207445e-16, 6.50000000e-06, 5.33722274e-16, 6.50000000e-06 -4.28943420e-17, 6.50000000e-06, 9.11439645e-06, 6.50000000e-06, 5.79662141e-01, 6.50000000e-06, 1.90012341e-01, 6.50000000e-06, 7.58640498e-01, 6.50000000e-06, 7.58638613e-01, 6.50000000e-06, 1.09716535e+05, 6.50000000e-06, 6.97961185e+10, 6.50000000e-06, 1.11083973e+10, 6.50000000e-06, 9.17618518e+00 , .150, SKY130
 7.00000000e-06, 6.25119315e-05, 7.00000000e-06, 7.00002844e-06, 7.00000000e-06, 8.57821017e-16, 7.00000000e-06 -6.09533156e-16, 7.00000000e-06, 7.28581442e-17, 7.00000000e-06, 3.58659222e-16, 7.00000000e-06, 5.37402888e-16, 7.00000000e-06 -4.32080940e-17, 7.00000000e-06, 9.52935245e-06, 7.00000000e-06, 5.78448482e-01, 7.00000000e-06, 1.95743773e-01, 7.00000000e-06, 7.65742762e-01, 7.00000000e-06, 7.65740732e-01, 7.00000000e-06, 1.04938925e+05, 7.00000000e-06, 7.28729306e+10, 7.00000000e-06, 1.15980871e+10, 7.00000000e-06, 8.93023964e+00 , .150, SKY130
 7.50000000e-06, 6.52677962e-05, 7.50000000e-06, 7.50002163e-06, 7.50000000e-06, 8.60815841e-16, 7.50000000e-06 -6.13672864e-16, 7.50000000e-06, 7.33667988e-17, 7.50000000e-06, 3.60908957e-16, 7.50000000e-06, 5.40780469e-16, 7.50000000e-06 -4.34963232e-17, 7.50000000e-06, 9.92647574e-06, 7.50000000e-06, 5.77287864e-01, 7.50000000e-06, 2.01237552e-01, 7.50000000e-06, 7.72534646e-01, 7.50000000e-06, 7.72532471e-01, 7.50000000e-06, 1.00740688e+05, 7.50000000e-06, 7.58208586e+10, 7.50000000e-06, 1.20672644e+10, 7.50000000e-06, 8.70234773e+00 , .150, SKY130
 8.00000000e-06, 6.79233833e-05, 8.00000000e-06, 8.00001673e-06, 8.00000000e-06, 8.63586012e-16, 8.00000000e-06 -6.17499814e-16, 8.00000000e-06, 7.38365915e-17, 8.00000000e-06, 3.62983095e-16, 8.00000000e-06, 5.43894674e-16, 8.00000000e-06 -4.37623476e-17, 8.00000000e-06, 1.03074892e-05, 8.00000000e-06, 5.76174072e-01, 8.00000000e-06, 2.06517122e-01, 8.00000000e-06, 7.79052524e-01, 8.00000000e-06, 7.79050204e-01, 8.00000000e-06, 9.70168374e+04, 8.00000000e-06, 7.86527136e+10, 8.00000000e-06, 1.25179682e+10, 8.00000000e-06, 8.49040516e+00 , .150, SKY130
 8.50000000e-06, 7.04875147e-05, 8.50000000e-06, 8.50001312e-06, 8.50000000e-06, 8.66158745e-16, 8.50000000e-06 -6.21052206e-16, 8.50000000e-06, 7.42722489e-17, 8.50000000e-06, 3.64903277e-16, 8.50000000e-06, 5.46777952e-16, 8.50000000e-06 -4.40088843e-17, 8.50000000e-06, 1.06738759e-05, 8.50000000e-06, 5.75101979e-01, 8.50000000e-06, 2.11602345e-01, 8.50000000e-06, 7.85326390e-01, 8.50000000e-06, 7.85323925e-01, 8.50000000e-06, 9.36866806e+04, 8.50000000e-06, 8.13794412e+10, 8.50000000e-06, 1.29519403e+10, 8.50000000e-06, 8.29263598e+00 , .150, SKY130
 9.00000000e-06, 7.29678499e-05, 9.00000000e-06, 9.00001042e-06, 9.00000000e-06, 8.68556635e-16, 9.00000000e-06 -6.24361729e-16, 9.00000000e-06, 7.46776942e-17, 9.00000000e-06, 3.66687436e-16, 9.00000000e-06, 5.49457198e-16, 9.00000000e-06 -4.42381871e-17, 9.00000000e-06, 1.10269221e-05, 9.00000000e-06, 5.74067304e-01, 9.00000000e-06, 2.16510222e-01, 9.00000000e-06, 7.91381298e-01, 9.00000000e-06, 7.91378688e-01, 9.00000000e-06, 9.06871373e+04, 9.00000000e-06, 8.40104686e+10, 9.00000000e-06, 1.33706813e+10, 9.00000000e-06, 8.10752949e+00 , .150, SKY130
 9.50000000e-06, 7.53710837e-05, 9.50000000e-06, 9.50000836e-06, 9.50000000e-06, 8.70798658e-16, 9.50000000e-06 -6.27454965e-16, 9.50000000e-06, 7.50562205e-17, 9.50000000e-06, 3.68350606e-16, 9.50000000e-06, 5.51954954e-16, 9.50000000e-06 -4.44521464e-17, 9.50000000e-06, 1.13677508e-05, 9.50000000e-06, 5.73066431e-01, 9.50000000e-06, 2.21255436e-01, 9.50000000e-06, 7.97238405e-01, 9.50000000e-06, 7.97235650e-01, 9.50000000e-06, 8.79681496e+04, 9.50000000e-06, 8.65539732e+10, 9.50000000e-06, 1.37754927e+10, 9.50000000e-06, 7.93379130e+00 , .150, SKY130
 1.00000000e-05, 7.77037740e-05, 1.00000000e-05, 1.00001529e-05, 1.00000000e-05, 8.72901500e-16, 1.00000000e-05 -6.30355255e-16, 1.00000000e-05, 7.54107195e-17, 1.00000000e-05, 3.69905952e-16, 1.00000000e-05, 5.54290966e-16, 1.00000000e-05 -4.46524205e-17, 1.00000000e-05, 1.16974427e-05, 1.00000000e-05, 5.72095998e-01, 1.00000000e-05, 2.25852097e-01, 1.00000000e-05, 8.02917392e-01, 1.00000000e-05, 8.02914492e-01, 1.00000000e-05, 8.54887707e+04, 1.00000000e-05, 8.90178032e+10, 1.00000000e-05, 1.41676234e+10, 1.00000000e-05, 7.77025859e+00 , .150, SKY130
 1.50000000e-05, 9.80528002e-05, 1.50000000e-05, 1.50093109e-05, 1.50000000e-05, 8.88559555e-16, 1.50000000e-05 -6.51936200e-16, 1.50000000e-05, 7.80301436e-17, 1.50000000e-05, 3.81328047e-16, 1.50000000e-05, 5.71452990e-16, 1.50000000e-05 -4.61293044e-17, 1.50000000e-05, 1.45326114e-05, 1.50000000e-05, 5.63622000e-01, 1.50000000e-05, 2.65574933e-01, 1.50000000e-05, 8.52507745e-01, 1.50000000e-05, 8.52503395e-01, 1.50000000e-05, 6.88107575e+04, 1.50000000e-05, 1.10350285e+11, 1.50000000e-05, 1.75627933e+10, 1.50000000e-05, 6.53279826e+00 , .150, SKY130
 2.00000000e-05, 1.14673836e-04, 2.00000000e-05, 2.00166904e-05, 2.00000000e-05, 8.98399217e-16, 2.00000000e-05 -6.65512943e-16, 2.00000000e-05, 7.96498141e-17, 2.00000000e-05, 3.88326486e-16, 2.00000000e-05, 5.81976955e-16, 2.00000000e-05 -4.70405197e-17, 2.00000000e-05, 1.68099456e-05, 2.00000000e-05, 5.56612068e-01, 2.00000000e-05, 2.97516212e-01, 2.00000000e-05, 8.93530871e-01, 2.00000000e-05, 8.93525071e-01, 2.00000000e-05, 5.94885924e+04, 2.00000000e-05, 1.27642405e+11, 2.00000000e-05, 2.03149196e+10, 2.00000000e-05, 5.72891093e+00 , .150, SKY130
 2.50000000e-05, 1.28880712e-04, 2.50000000e-05, 2.50062050e-05, 2.50000000e-05, 9.05169739e-16, 2.50000000e-05 -6.74891711e-16, 2.50000000e-05, 8.07447103e-17, 2.50000000e-05, 3.93031789e-16, 2.50000000e-05, 5.89058577e-16, 2.50000000e-05 -4.76565997e-17, 2.50000000e-05, 1.87467051e-05, 2.50000000e-05, 5.50503950e-01, 2.50000000e-05, 3.24467144e-01, 2.50000000e-05, 9.29276872e-01, 2.50000000e-05, 9.29269622e-01, 2.50000000e-05, 5.33427070e+04, 2.50000000e-05, 1.42382922e+11, 2.50000000e-05, 2.26609458e+10, 2.50000000e-05, 5.15394927e+00 , .150, SKY130
 3.00000000e-05, 1.41426318e-04, 3.00000000e-05, 3.00026173e-05, 3.00000000e-05, 9.10133698e-16, 3.00000000e-05 -6.81810024e-16, 3.00000000e-05, 8.15318704e-17, 3.00000000e-05, 3.96406392e-16, 3.00000000e-05, 5.94141919e-16, 3.00000000e-05 -4.81005519e-17, 3.00000000e-05, 2.04630134e-05, 3.00000000e-05, 5.44988151e-01, 3.00000000e-05, 3.48035320e-01, 3.00000000e-05, 9.61556822e-01, 3.00000000e-05, 9.61548122e-01, 3.00000000e-05, 4.88686579e+04, 3.00000000e-05, 1.55390707e+11, 3.00000000e-05, 2.47311991e+10, 3.00000000e-05, 4.71379937e+00 , .150, SKY130
 3.50000000e-05, 1.52685152e-04, 3.50000000e-05, 3.50014171e-05, 3.50000000e-05, 9.13921506e-16, 3.50000000e-05 -6.87130963e-16, 3.50000000e-05, 8.21196157e-17, 3.50000000e-05, 3.98926888e-16, 3.50000000e-05, 5.97942143e-16, 3.50000000e-05 -4.84335325e-17, 3.50000000e-05, 2.20191130e-05, 3.50000000e-05, 5.39913579e-01, 3.50000000e-05, 3.69054874e-01, 3.50000000e-05, 9.91254850e-01, 3.50000000e-05, 9.91244700e-01, 3.50000000e-05, 4.54150900e+04, 3.50000000e-05, 1.67065936e+11, 3.50000000e-05, 2.65893695e+10, 3.50000000e-05, 4.36225629e+00 , .150, SKY130
 4.00000000e-05, 1.62900944e-04, 4.00000000e-05, 4.00008350e-05, 4.00000000e-05, 9.16902977e-16, 4.00000000e-05 -6.91358767e-16, 4.00000000e-05, 8.25713012e-17, 4.00000000e-05, 4.00869700e-16, 4.00000000e-05, 6.00874142e-16, 4.00000000e-05 -4.86911702e-17, 4.00000000e-05, 2.34534913e-05, 4.00000000e-05, 5.35182239e-01, 4.00000000e-05, 3.88079002e-01, 4.00000000e-05, 1.01894441e+00, 4.00000000e-05, 1.01893281e+00, 4.00000000e-05, 4.26375752e+04, 4.00000000e-05, 1.77664320e+11, 4.00000000e-05, 2.82761548e+10, 4.00000000e-05, 4.07243859e+00 , .150, SKY130
 4.50000000e-05, 1.72242590e-04, 4.50000000e-05, 4.50005221e-05, 4.50000000e-05, 9.19309617e-16, 4.50000000e-05 -6.94808052e-16, 4.50000000e-05, 8.29264652e-17, 4.50000000e-05, 4.02406024e-16, 4.50000000e-05, 6.03194937e-16, 4.50000000e-05 -4.88956184e-17, 4.50000000e-05, 2.47923532e-05, 4.50000000e-05, 5.30726218e-01, 4.50000000e-05, 4.05496017e-01, 4.50000000e-05, 1.04502288e+00, 4.50000000e-05, 1.04500983e+00, 4.50000000e-05, 4.03350175e+04, 4.50000000e-05, 1.87360805e+11, 4.50000000e-05, 2.98193983e+10, 4.50000000e-05, 3.82756871e+00 , .150, SKY130
 5.00000000e-05, 1.80831963e-04, 5.00000000e-05, 5.00003422e-05, 5.00000000e-05, 9.21293398e-16, 5.00000000e-05 -6.97684780e-16, 5.00000000e-05, 8.32109851e-17, 5.00000000e-05, 4.03647120e-16, 5.00000000e-05, 6.05071609e-16, 5.00000000e-05 -4.90613252e-17, 5.00000000e-05, 2.60543062e-05, 5.00000000e-05, 5.26496578e-01, 5.00000000e-05, 4.21588660e-01, 5.00000000e-05, 1.06977665e+00, 5.00000000e-05, 1.06976215e+00, 5.00000000e-05, 3.83813713e+04, 5.00000000e-05, 1.96280537e+11, 5.00000000e-05, 3.12390178e+10, 5.00000000e-05, 3.61661451e+00 , .150, SKY130
 5.50000000e-05, 1.88760581e-04, 5.50000000e-05, 5.50002325e-05, 5.50000000e-05, 9.22958077e-16, 5.50000000e-05 -7.00129261e-16, 5.50000000e-05, 8.34424734e-17, 5.50000000e-05, 4.04668215e-16, 5.50000000e-05, 6.06617159e-16, 5.50000000e-05 -4.91980910e-17, 5.50000000e-05, 2.72531003e-05, 5.50000000e-05, 5.22456690e-01, 5.50000000e-05, 4.36570105e-01, 5.50000000e-05, 1.09342005e+00, 5.50000000e-05, 1.09340410e+00, 5.50000000e-05, 3.66930730e+04, 5.50000000e-05, 2.04516961e+11, 5.50000000e-05, 3.25498853e+10, 5.50000000e-05, 3.43199606e+00 , .150, SKY130
 6.00000000e-05, 1.96099456e-04, 6.00000000e-05, 6.00001623e-05, 6.00000000e-05, 9.24376783e-16, 6.00000000e-05 -7.02240208e-16, 6.00000000e-05, 8.36333023e-17, 6.00000000e-05, 4.05521826e-16, 6.00000000e-05, 6.07910497e-16, 6.00000000e-05 -4.93127773e-17, 6.00000000e-05, 2.83992322e-05, 6.00000000e-05, 5.18578289e-01, 6.00000000e-05, 4.50605715e-01, 6.00000000e-05, 1.11611848e+00, 6.00000000e-05, 1.11610108e+00, 6.00000000e-05, 3.52122196e+04, 6.00000000e-05, 2.12142342e+11, 6.00000000e-05, 3.37635024e+10, 6.00000000e-05, 3.26831542e+00 , .150, SKY130
 6.50000000e-05, 2.02905190e-04, 6.50000000e-05, 6.50001157e-05, 6.50000000e-05, 9.25602425e-16, 6.50000000e-05 -7.04088953e-16, 6.50000000e-05, 8.37923924e-17, 6.50000000e-05, 4.06245599e-16, 6.50000000e-05, 6.09008204e-16, 6.50000000e-05 -4.94103155e-17, 6.50000000e-05, 2.95009316e-05, 6.50000000e-05, 5.14839014e-01, 6.50000000e-05, 4.63826792e-01, 6.50000000e-05, 1.13800280e+00, 6.50000000e-05, 1.13798395e+00, 6.50000000e-05, 3.38972346e+04, 6.50000000e-05, 2.19214195e+11, 6.50000000e-05, 3.48890227e+10, 6.50000000e-05, 3.12161276e+00 , .150, SKY130
 7.00000000e-05, 2.09223932e-04, 7.00000000e-05, 7.00000838e-05, 7.00000000e-05, 9.26674148e-16, 7.00000000e-05 -7.05728218e-16, 7.00000000e-05, 8.39263189e-17, 7.00000000e-05, 4.06867125e-16, 7.00000000e-05, 6.09951765e-16, 7.00000000e-05 -4.94943291e-17, 7.00000000e-05, 3.05647954e-05, 7.00000000e-05, 5.11220808e-01, 7.00000000e-05, 4.76339650e-01, 7.00000000e-05, 1.15917866e+00, 7.00000000e-05, 1.15915836e+00, 7.00000000e-05, 3.27173792e+04, 7.00000000e-05, 2.25779399e+11, 7.00000000e-05, 3.59339074e+10, 7.00000000e-05, 2.98890974e+00 , .150, SKY130
 7.50000000e-05, 2.15094023e-04, 7.50000000e-05, 7.50000613e-05, 7.50000000e-05, 9.27621463e-16, 7.50000000e-05 -7.07197738e-16, 7.50000000e-05, 8.40400201e-17, 7.50000000e-05, 4.07407019e-16, 7.50000000e-05, 6.10772184e-16, 7.50000000e-05 -4.95675311e-17, 7.50000000e-05, 3.15962099e-05, 7.50000000e-05, 5.07708833e-01, 7.50000000e-05, 4.88231817e-01, 7.50000000e-05, 1.17973288e+00, 7.50000000e-05, 1.17971113e+00, 7.50000000e-05, 3.16493656e+04, 7.50000000e-05, 2.31876937e+11, 7.50000000e-05, 3.69043607e+10, 7.50000000e-05, 2.86791797e+00 , .150, SKY130
 8.00000000e-05, 2.20547839e-04, 8.00000000e-05, 8.00000452e-05, 8.00000000e-05, 9.28466996e-16, 8.00000000e-05 -7.08527967e-16, 8.00000000e-05, 8.41372661e-17, 8.00000000e-05, 4.07880941e-16, 8.00000000e-05, 6.11493021e-16, 8.00000000e-05 -4.96319864e-17, 8.00000000e-05, 3.25996427e-05, 8.00000000e-05, 5.04290715e-01, 8.00000000e-05, 4.99576394e-01, 8.00000000e-05, 1.19973789e+00, 8.00000000e-05, 1.19971469e+00, 8.00000000e-05, 3.06751828e+04, 8.00000000e-05, 2.37539772e+11, 8.00000000e-05, 3.78056289e+10, 8.00000000e-05, 2.75684643e+00 , .150, SKY130
 8.50000000e-05, 2.25613100e-04, 8.50000000e-05, 8.50000333e-05, 8.50000000e-05, 9.29228347e-16, 8.50000000e-05 -7.09742600e-16, 8.50000000e-05, 8.42209766e-17, 8.50000000e-05, 4.08300960e-16, 8.50000000e-05, 6.12132442e-16, 8.50000000e-05 -4.96892896e-17, 8.50000000e-05, 3.35788486e-05, 8.50000000e-05, 5.00956001e-01, 8.50000000e-05, 5.10435198e-01, 8.50000000e-05, 1.21925485e+00, 8.50000000e-05, 1.21923020e+00, 8.50000000e-05, 2.97806518e+04, 8.50000000e-05, 2.42796187e+11, 8.50000000e-05, 3.86422134e+10, 8.50000000e-05, 2.65427072e+00 , .150, SKY130
 9.00000000e-05, 2.30313831e-04, 9.00000000e-05, 9.00000244e-05, 9.00000000e-05, 9.29919383e-16, 9.00000000e-05 -7.10860320e-16, 9.00000000e-05, 8.42934417e-17, 9.00000000e-05, 4.08676501e-16, 9.00000000e-05, 6.12704637e-16, 9.00000000e-05 -4.97406878e-17, 9.00000000e-05, 3.45370196e-05, 9.00000000e-05, 4.97695759e-01, 9.00000000e-05, 5.20861088e-01, 9.00000000e-05, 1.23833602e+00, 9.00000000e-05, 1.23830992e+00, 9.00000000e-05, 2.89544382e+04, 9.00000000e-05, 2.47670750e+11, 9.00000000e-05, 3.94180241e+10, 9.00000000e-05, 2.55904188e+00 , .150, SKY130
 9.50000000e-05, 2.34671074e-04, 9.50000000e-05, 9.50000176e-05, 9.50000000e-05, 9.30551161e-16, 9.50000000e-05 -7.11896038e-16, 9.50000000e-05, 8.43564780e-17, 9.50000000e-05, 4.09015010e-16, 9.50000000e-05, 6.13220821e-16, 9.50000000e-05 -4.97871678e-17, 9.50000000e-05, 3.54768958e-05, 9.50000000e-05, 4.94502280e-01, 9.50000000e-05, 5.30899705e-01, 9.50000000e-05, 1.25702651e+00, 9.50000000e-05, 1.25699896e+00, 9.50000000e-05, 2.81873590e+04, 9.50000000e-05, 2.52185032e+11, 9.50000000e-05, 4.01364944e+10, 9.50000000e-05, 2.47022138e+00 , .150, SKY130
 1.00000000e-04, 2.38703434e-04, 1.00000000e-04, 1.00000016e-04, 1.00000000e-04, 9.31132591e-16, 1.00000000e-04 -7.12861780e-16, 1.00000000e-04, 8.44115417e-17, 1.00000000e-04, 4.09322431e-16, 1.00000000e-04, 6.13689952e-16, 1.00000000e-04 -4.98295183e-17, 1.00000000e-04, 3.64008505e-05, 1.00000000e-04, 4.91368852e-01, 1.00000000e-04, 5.40590817e-01, 1.00000000e-04, 1.27536561e+00, 1.00000000e-04, 1.27533661e+00, 1.00000000e-04, 2.74718856e+04, 1.00000000e-04, 2.56358156e+11, 1.00000000e-04, 4.08006678e+10, 1.00000000e-04, 2.38703396e+00 , .150, SKY130
 1.50000000e-04, 2.64139156e-04, 1.50000000e-04, 1.50008922e-04, 1.50000000e-04, 9.35296568e-16, 1.50000000e-04 -7.20189319e-16, 1.50000000e-04, 8.47036399e-17, 1.50000000e-04, 4.11415813e-16, 1.50000000e-04, 6.16893077e-16, 1.50000000e-04 -5.01228829e-17, 1.50000000e-04, 4.51217622e-05, 1.50000000e-04, 4.62303238e-01, 1.50000000e-04, 6.24506972e-01, 1.50000000e-04, 1.44548109e+00, 1.50000000e-04, 1.44543759e+00, 1.50000000e-04, 2.21622550e+04, 1.50000000e-04, 2.82412194e+11, 1.50000000e-04, 4.49472966e+10, 1.50000000e-04, 1.76082297e+00 , .150, SKY130
 2.00000000e-04, 2.68691319e-04, 2.00000000e-04, 2.00001889e-04, 2.00000000e-04, 9.38052642e-16, 2.00000000e-04 -7.25469886e-16, 2.00000000e-04, 8.47737603e-17, 2.00000000e-04, 4.12724266e-16, 2.00000000e-04, 6.18899634e-16, 2.00000000e-04 -5.03127021e-17, 2.00000000e-04, 5.35421817e-05, 2.00000000e-04, 4.35371611e-01, 2.00000000e-04, 6.96698798e-01, 2.00000000e-04, 1.60310918e+00, 2.00000000e-04, 1.60305118e+00, 2.00000000e-04, 1.86768631e+04, 2.00000000e-04, 2.86435225e+11, 2.00000000e-04, 4.55875819e+10, 2.00000000e-04, 1.34344390e+00 , .150, SKY130
 2.50000000e-04, 2.57911803e-04, 2.50000000e-04, 2.49999719e-04, 2.50000000e-04, 9.40254354e-16, 2.50000000e-04 -7.29913868e-16, 2.50000000e-04, 8.47443940e-17, 2.50000000e-04, 4.13750693e-16, 2.50000000e-04, 6.20472579e-16, 2.50000000e-04 -5.04659921e-17, 2.50000000e-04, 6.21142830e-05, 2.50000000e-04, 4.08859745e-01, 2.50000000e-04, 7.67441269e-01, 2.50000000e-04, 1.75828097e+00, 2.50000000e-04, 1.75820847e+00, 2.50000000e-04, 1.60993567e+04, 2.50000000e-04, 2.74300036e+11, 2.50000000e-04, 4.36562066e+10, 2.50000000e-04, 1.03164837e+00 , .150, SKY130
 3.00000000e-04, 2.35274631e-04, 3.00000000e-04, 2.99998790e-04, 3.00000000e-04, 9.42184949e-16, 3.00000000e-04 -7.33950115e-16, 3.00000000e-04, 8.46464974e-17, 3.00000000e-04, 4.14646732e-16, 3.00000000e-04, 6.21843373e-16, 3.00000000e-04 -5.06028536e-17, 3.00000000e-04, 7.09982164e-05, 3.00000000e-04, 3.81648226e-01, 3.00000000e-04, 8.43672895e-01, 3.00000000e-04, 1.91754688e+00, 3.00000000e-04, 1.91745988e+00, 3.00000000e-04, 1.40848609e+04, 3.00000000e-04, 2.49711728e+11, 3.00000000e-04, 3.97428558e+10, 3.00000000e-04, 7.84251935e-01 , .150, SKY130
 3.50000000e-04, 2.03238669e-04, 3.50000000e-04, 3.49991979e-04, 3.50000000e-04, 9.43975972e-16, 3.50000000e-04 -7.37793731e-16, 3.50000000e-04, 8.44849863e-17, 3.50000000e-04, 4.15477629e-16, 3.50000000e-04, 6.23112052e-16, 3.50000000e-04 -5.07319241e-17, 3.50000000e-04, 8.02131637e-05, 3.50000000e-04, 3.52730133e-01, 3.50000000e-04, 9.31871726e-01, 3.50000000e-04, 2.08679911e+00, 3.50000000e-04, 2.08669761e+00, 3.50000000e-04, 1.24667817e+04, 3.50000000e-04, 2.15300681e+11, 3.50000000e-04, 3.42661676e+10, 3.50000000e-04, 5.80695220e-01 , .150, SKY130
 4.00000000e-04, 1.63681816e-04, 4.00000000e-04, 3.99975354e-04, 4.00000000e-04, 9.45708821e-16, 4.00000000e-04 -7.41587815e-16, 4.00000000e-04, 8.42516283e-17, 4.00000000e-04, 4.16281831e-16, 4.00000000e-04, 6.24337590e-16, 4.00000000e-04 -5.08583771e-17, 4.00000000e-04, 8.96771623e-05, 4.00000000e-04, 3.20941551e-01, 4.00000000e-04, 1.03974318e+00, 4.00000000e-04, 2.27284848e+00, 4.00000000e-04, 2.27273248e+00, 4.00000000e-04, 1.11511111e+04, 4.00000000e-04, 1.73078449e+11, 4.00000000e-04, 2.75462906e+10, 4.00000000e-04, 4.09229753e-01 , .150, SKY130
 4.50000000e-04, 1.18200317e-04, 4.50000000e-04, 4.49940462e-04, 4.50000000e-04, 9.47450206e-16, 4.50000000e-04 -7.45454645e-16, 4.50000000e-04, 8.39250756e-17, 4.50000000e-04, 4.17090136e-16, 4.50000000e-04, 6.25567047e-16, 4.50000000e-04 -5.09865026e-17, 4.50000000e-04, 9.91890690e-05, 4.50000000e-04, 2.84665633e-01, 4.50000000e-04, 1.17821897e+00, 4.50000000e-04, 2.48515627e+00, 4.50000000e-04, 2.48502577e+00, 4.50000000e-04, 1.00817561e+04, 4.50000000e-04, 1.24756231e+11, 4.50000000e-04, 1.98555708e+10, 4.50000000e-04, 2.62702127e-01 , .150, SKY130
 5.00000000e-04, 6.84365046e-05, 5.00000000e-04, 4.99866079e-04, 5.00000000e-04, 9.49272630e-16, 5.00000000e-04 -7.49524048e-16, 5.00000000e-04, 8.34623831e-17, 5.00000000e-04, 4.17935792e-16, 5.00000000e-04, 6.26850912e-16, 5.00000000e-04 -5.11211044e-17, 5.00000000e-04, 1.08353464e-04, 5.00000000e-04, 2.41299778e-01, 5.00000000e-04, 1.36521201e+00, 5.00000000e-04, 2.73895202e+00, 5.00000000e-04, 2.73880702e+00, 5.00000000e-04, 9.22905428e+03, 5.00000000e-04, 7.20936246e+10, 5.00000000e-04, 1.14740567e+10, 5.00000000e-04, 1.36909679e-01 , .150, SKY130
 5.50000000e-04, 1.65920809e-05, 5.50000000e-04, 5.49695058e-04, 5.50000000e-04, 9.51277938e-16, 5.50000000e-04 -7.53954658e-16, 5.50000000e-04, 8.27736579e-17, 5.50000000e-04, 4.18865425e-16, 5.50000000e-04, 6.28259617e-16, 5.50000000e-04 -5.12690710e-17, 5.50000000e-04, 1.16398585e-04, 5.50000000e-04, 1.86027401e-01, 5.50000000e-04, 1.63458645e+00, 5.50000000e-04, 3.06242082e+00, 5.50000000e-04, 3.06226132e+00, 5.50000000e-04, 8.59116971e+03, 5.50000000e-04, 1.74418855e+10, 5.50000000e-04, 2.77596230e+09, 5.50000000e-04, 3.01841552e-02 , .150, SKY130
 6.00000000e-04 -3.41408629e-05, 6.00000000e-04, 5.99993161e-04, 6.00000000e-04, 9.53683313e-16, 6.00000000e-04 -7.59000552e-16, 6.00000000e-04, 8.16192421e-17, 6.00000000e-04, 4.19978519e-16, 6.00000000e-04, 6.29942999e-16, 6.00000000e-04 -5.14453136e-17, 6.00000000e-04, 1.21750931e-04, 6.00000000e-04, 1.06941805e-01, 6.00000000e-04, 2.07066360e+00, 6.00000000e-04, 3.52523675e+00, 6.00000000e-04, 3.52506275e+00, 6.00000000e-04, 8.21348953e+03, 6.00000000e-04 -3.57989517e+10, 6.00000000e-04 -5.69758012e+09, 6.00000000e-04 -5.69020867e-02 , .150, SKY130
 6.50000000e-04 -7.38643142e-05, 6.50000000e-04, 6.49974578e-04, 6.50000000e-04, 9.56876981e-16, 6.50000000e-04 -7.64395297e-16, 6.50000000e-04, 7.92702736e-17, 6.50000000e-04, 4.21451698e-16, 6.50000000e-04, 6.32166122e-16, 6.50000000e-04 -5.16754891e-17, 6.50000000e-04, 1.20200253e-04, 6.50000000e-04 -2.63756158e-02, 6.50000000e-04, 2.90667033e+00, 6.50000000e-04, 4.30539950e+00, 6.50000000e-04, 4.30521100e+00, 6.50000000e-04, 8.31945004e+03, 6.50000000e-04 -7.71931143e+10, 6.50000000e-04 -1.22856657e+10, 6.50000000e-04 -1.13641851e-01 , .150, SKY130
 7.00000000e-04 -7.97475427e-05, 7.00000000e-04, 6.99982372e-04, 7.00000000e-04, 9.61397568e-16, 7.00000000e-04 -7.63268981e-16, 7.00000000e-04, 7.29075229e-17, 7.00000000e-04, 4.23526059e-16, 7.00000000e-04, 6.35289019e-16, 7.00000000e-04 -5.19910395e-17, 7.00000000e-04, 1.03606033e-04, 7.00000000e-04 -2.99520309e-01, 7.00000000e-04, 4.88677112e+00, 7.00000000e-04, 5.90378551e+00, 7.00000000e-04, 5.90358251e+00, 7.00000000e-04, 9.65194761e+03, 7.00000000e-04 -8.29495990e+10, 7.00000000e-04 -1.32018387e+10, 7.00000000e-04 -1.13927930e-01 , .150, SKY130
 7.50000000e-04 -5.98235570e-05, 7.50000000e-04, 7.50227179e-04, 7.50000000e-04, 9.65176103e-16, 7.50000000e-04 -7.28907342e-16, 7.50000000e-04, 6.03291665e-17, 7.50000000e-04, 4.25251061e-16, 7.50000000e-04, 6.37881047e-16, 7.50000000e-04 -5.22448492e-17, 7.50000000e-04, 8.46729379e-05, 7.50000000e-04 -6.63254373e-01, 7.50000000e-04, 7.96741690e+00, 7.50000000e-04, 8.03227062e+00, 7.50000000e-04, 8.03205312e+00, 7.50000000e-04, 1.18101488e+04, 7.50000000e-04 -6.19820122e+10, 7.50000000e-04 -9.86474363e+09, 7.50000000e-04 -7.97405888e-02 , .150, SKY130
 8.00000000e-04 -5.57490615e-05, 8.00000000e-04, 7.99999435e-04, 8.00000000e-04, 9.67497246e-16, 8.00000000e-04 -6.36327182e-16, 8.00000000e-04, 4.10919579e-17, 8.00000000e-04, 4.26309893e-16, 8.00000000e-04, 6.39470448e-16, 8.00000000e-04 -5.23971155e-17, 8.00000000e-04, 8.06082135e-05, 8.00000000e-04 -1.00334105e+00, 8.00000000e-04, 1.13379437e+01, 8.00000000e-04, 1.00223790e+01, 8.00000000e-04, 1.00221470e+01, 8.00000000e-04, 1.24056837e+04, 8.00000000e-04 -5.76219330e+10, 8.00000000e-04 -9.17081546e+09, 8.00000000e-04 -6.96863760e-02 , .150, SKY130
 8.50000000e-04 -5.31761153e-05, 8.50000000e-04, 8.50000023e-04, 8.50000000e-04, 9.69159119e-16, 8.50000000e-04 -4.39473190e-16, 8.50000000e-04, 8.93424280e-18, 8.50000000e-04, 4.27071110e-16, 8.50000000e-04, 6.40612500e-16, 8.50000000e-04 -5.25053660e-17, 8.50000000e-04, 7.82910721e-05, 8.50000000e-04 -1.34614985e+00, 8.50000000e-04, 1.53253626e+01, 8.50000000e-04, 1.20284163e+01, 8.50000000e-04, 1.20281698e+01, 8.50000000e-04, 1.27728485e+04, 8.50000000e-04 -5.48683021e+10, 8.50000000e-04 -8.73256150e+09, 8.50000000e-04 -6.25601340e-02 , .150, SKY130
 9.00000000e-04 -5.05843063e-05, 9.00000000e-04, 9.00000298e-04, 9.00000000e-04, 9.70401874e-16, 9.00000000e-04 -5.04537674e-16, 9.00000000e-04, 9.16506375e-18, 9.00000000e-04, 4.27628802e-16, 9.00000000e-04, 6.41448928e-16, 9.00000000e-04 -5.25843764e-17, 9.00000000e-04, 7.63746953e-05, 9.00000000e-04 -1.68212933e+00, 9.00000000e-04, 1.99666500e+01, 9.00000000e-04, 1.39944907e+01, 9.00000000e-04, 1.39942297e+01, 9.00000000e-04, 1.30933419e+04, 9.00000000e-04 -5.21271730e+10, 9.00000000e-04 -8.29629724e+09, 9.00000000e-04 -5.62047662e-02 , .150, SKY130
 9.50000000e-04 -4.83526330e-05, 9.50000000e-04, 9.50000638e-04, 9.50000000e-04, 9.71336267e-16, 9.50000000e-04 -5.67444989e-16, 9.50000000e-04, 9.34119815e-18, 9.50000000e-04, 4.28049934e-16, 9.50000000e-04, 6.42080400e-16, 9.50000000e-04 -5.26441373e-17, 9.50000000e-04, 7.49243109e-05, 9.50000000e-04 -2.00859784e+00, 9.50000000e-04, 2.53839654e+01, 9.50000000e-04, 1.59049101e+01, 9.50000000e-04, 1.59046346e+01, 9.50000000e-04, 1.33468028e+04, 9.50000000e-04 -4.97794993e+10, 9.50000000e-04 -7.92265338e+09, 9.50000000e-04 -5.08974742e-02 , .150, SKY130
