[{"symbol": "cload", "function": "4e-12", "option": "Constant", "enable": 1}, {"symbol": "gain", "function": "60", "option": "Constant", "enable": 0}, {"symbol": "gain", "function": "50", "option": "Constant", "enable": 1}, {"symbol": "bw", "function": "2e6", "option": "Constant", "enable": 0}, {"symbol": "bw", "function": "50e3", "option": "Constant", "enable": 1}, {"symbol": "gbw", "function": "gain*bw", "option": "Constant", "enable": 1}, {"symbol": "i_zero", "function": "2*pi*gbw*(kgm_one)^-1", "option": "Function", "enable": 1}, {"symbol": "kgm_one", "function": "kgm", "option": "Function", "enable": 1}, {"symbol": "fs", "function": "(kgm)/(2*pi*kcs)", "option": "Function", "enable": 1}, {"symbol": "kcs", "function": "kcgd + kcgs*(1 + 1/gain)", "option": "Function", "enable": 1}, {"symbol": "i_one", "function": "1/(1-(2*pi*kcs/kgm_one))", "option": "Function", "enable": 1}, {"symbol": "I_TOTAL", "function": "i_zero*i_one", "option": "Function", "enable": 1}]