isweep,gm,i_id,id,i_cgg,cgg,i_cgs,cgs,i_cgd,cgd,i_cds,cds,i_css,css,i_cdd,cdd,i_gds,gds,i_vth,vth,i_vdsat,vdsat,i_vgs,vgs,i_vds,vds,i_rds,rds,i_wt,wt,i_ft,ft,i_gm_id,gm_id,w,l,pdk
1.00000000e-09,3.85103350e-08,1.00000000e-09,9.99999215e-10,1.00000000e-09,1.08675797e-16,1.00000000e-09,6.28866362e-18,1.00000000e-09,9.55381434e-20,1.00000000e-09,-2.33739747e-18,1.00000000e-09,4.57206953e-18,1.00000000e-09,6.81572564e-20,1.00000000e-09,1.02202400e-09,1.00000000e-09,2.03041211e-01,1.00000000e-09,7.60388764e-03,1.00000000e-09,9.61764159e-02,1.00000000e-09,9.61764159e-02,1.00000000e-09,9.78450606e+08,1.00000000e-09,3.54359813e+08,1.00000000e-09,5.63981158e+07,1.00000000e-09,3.85103653e+01,1.00,.500u,ihp-sg13g2
1.50000000e-09,5.78484783e-08,1.50000000e-09,1.50615909e-09,1.50000000e-09,1.10864631e-16,1.50000000e-09,9.26033035e-18,1.50000000e-09,1.06918084e-19,1.50000000e-09,-3.44800422e-18,1.50000000e-09,6.75557143e-18,1.50000000e-09,7.71062679e-20,1.50000000e-09,1.31696394e-09,1.50000000e-09,2.03041169e-01,1.50000000e-09,1.79219674e-02,1.50000000e-09,1.06570279e-01,1.50000000e-09,1.06570279e-01,1.50000000e-09,7.59322234e+08,1.50000000e-09,5.21793811e+08,1.50000000e-09,8.30460643e+07,1.50000000e-09,3.84079469e+01,1.00,.500u,ihp-sg13g2
2.00000000e-09,7.66737803e-08,2.00000000e-09,2.00183529e-09,2.00000000e-09,1.13080481e-16,2.00000000e-09,1.21045436e-17,2.00000000e-09,1.20377970e-19,2.00000000e-09,-4.51031758e-18,2.00000000e-09,8.84468866e-18,2.00000000e-09,8.73777757e-20,2.00000000e-09,1.62533222e-09,2.00000000e-09,2.03041144e-01,2.00000000e-09,2.51062571e-02,2.00000000e-09,1.13828213e-01,2.00000000e-09,1.13828213e-01,2.00000000e-09,6.15258831e+08,2.00000000e-09,6.78046111e+08,2.00000000e-09,1.07914390e+08,2.00000000e-09,3.83017427e+01,1.00,.500u,ihp-sg13g2
2.50000000e-09,9.55129505e-08,2.50000000e-09,2.50082982e-09,2.50000000e-09,1.15329972e-16,2.50000000e-09,1.49087121e-17,2.50000000e-09,1.34760509e-19,2.50000000e-09,-5.55783081e-18,2.50000000e-09,1.09032108e-17,2.50000000e-09,9.82388025e-20,2.50000000e-09,1.94429236e-09,2.50000000e-09,2.03041126e-01,2.50000000e-09,3.07329385e-02,2.50000000e-09,1.19528540e-01,2.50000000e-09,1.19528540e-01,2.50000000e-09,5.14325943e+08,2.50000000e-09,8.28171103e+08,2.50000000e-09,1.31807525e+08,2.50000000e-09,3.81925031e+01,1.00,.500u,ihp-sg13g2
3.00000000e-09,1.14263454e-07,3.00000000e-09,3.00043357e-09,3.00000000e-09,1.17578824e-16,3.00000000e-09,1.76615190e-17,3.00000000e-09,1.49484464e-19,3.00000000e-09,-6.58672635e-18,3.00000000e-09,1.29226654e-17,3.00000000e-09,1.09299631e-19,3.00000000e-09,2.26818045e-09,3.00000000e-09,2.03041112e-01,3.00000000e-09,3.53411143e-02,3.00000000e-09,1.24210009e-01,3.00000000e-09,1.24210009e-01,3.00000000e-09,4.40882029e+08,3.00000000e-09,9.71803004e+08,3.00000000e-09,1.54667252e+08,3.00000000e-09,3.80823142e+01,1.00,.500u,ihp-sg13g2
3.50000000e-09,1.32911699e-07,3.50000000e-09,3.50025241e-09,3.50000000e-09,1.19814238e-16,3.50000000e-09,2.03641281e-17,3.50000000e-09,1.64320884e-19,3.50000000e-09,-7.59766386e-18,3.50000000e-09,1.49038558e-17,3.50000000e-09,1.20411434e-19,3.50000000e-09,2.59491454e-09,3.50000000e-09,2.03041101e-01,3.50000000e-09,3.92416461e-02,3.50000000e-09,1.28183459e-01,3.50000000e-09,1.28183459e-01,3.50000000e-09,3.85369146e+08,3.50000000e-09,1.10931473e+09,3.50000000e-09,1.76552922e+08,3.50000000e-09,3.79720325e+01,1.00,.500u,ihp-sg13g2
4.00000000e-09,1.51454480e-07,4.00000000e-09,4.00015869e-09,4.00000000e-09,1.22029708e-16,4.00000000e-09,2.30185861e-17,4.00000000e-09,1.79162269e-19,4.00000000e-09,-8.59153577e-18,4.00000000e-09,1.68482812e-17,4.00000000e-09,1.31506214e-19,4.00000000e-09,2.92345916e-09,4.00000000e-09,2.03041092e-01,4.00000000e-09,4.26227687e-02,4.00000000e-09,1.31637133e-01,4.00000000e-09,1.31637133e-01,4.00000000e-09,3.42060533e+08,4.00000000e-09,1.24112794e+09,4.00000000e-09,1.97531646e+08,4.00000000e-09,3.78621179e+01,1.00,.500u,ihp-sg13g2
4.50000000e-09,1.69891755e-07,4.50000000e-09,4.50010557e-09,4.50000000e-09,1.24221689e-16,4.50000000e-09,2.56269570e-17,4.50000000e-09,1.93954200e-19,4.50000000e-09,-9.56918547e-18,4.50000000e-09,1.87574773e-17,4.50000000e-09,1.42550756e-19,4.50000000e-09,3.25323839e-09,4.50000000e-09,2.03041085e-01,4.50000000e-09,4.56066474e-02,4.50000000e-09,1.34693214e-01,4.50000000e-09,1.34693214e-01,4.50000000e-09,3.07386019e+08,4.50000000e-09,1.36764970e+09,4.50000000e-09,2.17668209e+08,4.50000000e-09,3.77528376e+01,1.00,.500u,ihp-sg13g2
5.00000000e-09,1.88224535e-07,5.00000000e-09,5.00007330e-09,5.00000000e-09,1.26388198e-16,5.00000000e-09,2.81911438e-17,5.00000000e-09,2.08667930e-19,5.00000000e-09,-1.05313620e-17,5.00000000e-09,2.06328739e-17,5.00000000e-09,1.53528385e-19,5.00000000e-09,3.58390344e-09,5.00000000e-09,2.03041078e-01,5.00000000e-09,4.82769418e-02,5.00000000e-09,1.37435374e-01,5.00000000e-09,1.37435374e-01,5.00000000e-09,2.79025375e+08,5.00000000e-09,1.48925721e+09,5.00000000e-09,2.37022646e+08,5.00000000e-09,3.76443552e+01,1.00,.500u,ihp-sg13g2
5.50000000e-09,2.07361338e-07,5.50000000e-09,5.52500510e-09,5.50000000e-09,1.28634245e-16,5.50000000e-09,3.08376426e-17,5.50000000e-09,2.24015151e-19,5.50000000e-09,-1.15256296e-17,5.50000000e-09,2.25669234e-17,5.50000000e-09,1.64972951e-19,5.50000000e-09,3.93177852e-09,5.50000000e-09,2.03041072e-01,5.50000000e-09,5.08082094e-02,5.50000000e-09,1.40041748e-01,5.50000000e-09,1.40041748e-01,5.50000000e-09,2.54337826e+08,5.50000000e-09,1.61202281e+09,5.50000000e-09,2.56561399e+08,5.50000000e-09,3.75314292e+01,1.00,.500u,ihp-sg13g2
6.00000000e-09,2.25314194e-07,6.00000000e-09,6.02028079e-09,6.00000000e-09,1.30725989e-16,6.00000000e-09,3.32933211e-17,6.00000000e-09,2.38392418e-19,6.00000000e-09,-1.24493565e-17,6.00000000e-09,2.43600924e-17,6.00000000e-09,1.75691134e-19,6.00000000e-09,4.26050424e-09,6.00000000e-09,2.03041067e-01,6.00000000e-09,5.29856870e-02,6.00000000e-09,1.42289775e-01,6.00000000e-09,1.42289775e-01,6.00000000e-09,2.34714002e+08,6.00000000e-09,1.72356084e+09,6.00000000e-09,2.74313227e+08,6.00000000e-09,3.74258614e+01,1.00,.500u,ihp-sg13g2
6.50000000e-09,2.43288995e-07,6.50000000e-09,6.51889635e-09,6.50000000e-09,1.32804786e-16,6.50000000e-09,3.57265052e-17,6.50000000e-09,2.52762168e-19,6.50000000e-09,-1.33657549e-17,6.50000000e-09,2.61354601e-17,6.50000000e-09,1.86402305e-19,6.50000000e-09,4.59183394e-09,6.50000000e-09,2.03041063e-01,6.50000000e-09,5.50045484e-02,6.50000000e-09,1.44379364e-01,6.50000000e-09,1.44379364e-01,6.50000000e-09,2.17777910e+08,6.50000000e-09,1.83192942e+09,6.50000000e-09,2.91560623e+08,6.50000000e-09,3.73205803e+01,1.00,.500u,ihp-sg13g2
7.00000000e-09,2.61164614e-07,7.00000000e-09,7.01747324e-09,7.00000000e-09,1.34856339e-16,7.00000000e-09,3.81216396e-17,7.00000000e-09,2.67024936e-19,7.00000000e-09,-1.42689584e-17,7.00000000e-09,2.78817135e-17,7.00000000e-09,1.97033497e-19,7.00000000e-09,4.92344830e-09,7.00000000e-09,2.03041059e-01,7.00000000e-09,5.68749712e-02,7.00000000e-09,1.46320220e-01,7.00000000e-09,1.46320220e-01,7.00000000e-09,2.03109678e+08,7.00000000e-09,1.93661355e+09,7.00000000e-09,3.08221620e+08,7.00000000e-09,3.72163320e+01,1.00,.500u,ihp-sg13g2
7.50000000e-09,2.78951527e-07,7.50000000e-09,7.51625983e-09,7.50000000e-09,1.36881857e-16,7.50000000e-09,4.04811253e-17,7.50000000e-09,2.81188144e-19,7.50000000e-09,-1.51598486e-17,7.50000000e-09,2.96006532e-17,7.50000000e-09,2.07591142e-19,7.50000000e-09,5.25545244e-09,7.50000000e-09,2.03041055e-01,7.50000000e-09,5.86181884e-02,7.50000000e-09,1.48133619e-01,7.50000000e-09,1.48133619e-01,7.50000000e-09,1.90278575e+08,7.50000000e-09,2.03789993e+09,7.50000000e-09,3.24341847e+08,7.50000000e-09,3.71130766e+01,1.00,.500u,ihp-sg13g2
8.00000000e-09,2.96649114e-07,8.00000000e-09,8.01519724e-09,8.00000000e-09,1.38881371e-16,8.00000000e-09,4.28057899e-17,8.00000000e-09,2.95251246e-19,8.00000000e-09,-1.60387113e-17,8.00000000e-09,3.12929307e-17,8.00000000e-09,2.18075522e-19,8.00000000e-09,5.58775983e-09,8.00000000e-09,2.03041052e-01,8.00000000e-09,6.02503175e-02,8.00000000e-09,1.49835679e-01,8.00000000e-09,1.49835679e-01,8.00000000e-09,1.78962595e+08,8.00000000e-09,2.13598924e+09,8.00000000e-09,3.39953246e+08,8.00000000e-09,3.70108314e+01,1.00,.500u,ihp-sg13g2
8.50000000e-09,3.14257959e-07,8.50000000e-09,8.51426053e-09,8.50000000e-09,1.40855124e-16,8.50000000e-09,4.50965622e-17,8.50000000e-09,3.09215210e-19,8.50000000e-09,-1.69058683e-17,8.50000000e-09,3.29592708e-17,8.50000000e-09,2.28487891e-19,8.50000000e-09,5.92031536e-09,8.50000000e-09,2.03041049e-01,8.50000000e-09,6.17846742e-02,8.50000000e-09,1.51439719e-01,8.50000000e-09,1.51439719e-01,8.50000000e-09,1.68909921e+08,8.50000000e-09,2.23107225e+09,8.50000000e-09,3.55086177e+08,8.50000000e-09,3.69096009e+01,1.00,.500u,ihp-sg13g2
9.00000000e-09,3.31778763e-07,9.00000000e-09,9.01342868e-09,9.00000000e-09,1.42803427e-16,9.00000000e-09,4.73543347e-17,9.00000000e-09,3.23081430e-19,9.00000000e-09,-1.77616265e-17,9.00000000e-09,3.46003702e-17,9.00000000e-09,2.38829704e-19,9.00000000e-09,6.25307306e-09,9.00000000e-09,2.03041046e-01,9.00000000e-09,6.32323181e-02,9.00000000e-09,1.52956800e-01,9.00000000e-09,1.52956800e-01,9.00000000e-09,1.59921368e+08,9.00000000e-09,2.32332494e+09,9.00000000e-09,3.69768649e+08,9.00000000e-09,3.68093846e+01,1.00,.500u,ihp-sg13g2
9.50000000e-09,3.49212366e-07,9.50000000e-09,9.51268516e-09,9.50000000e-09,1.44726638e-16,9.50000000e-09,4.95799700e-17,9.50000000e-09,3.36851604e-19,9.50000000e-09,-1.86062804e-17,9.50000000e-09,3.62169029e-17,9.50000000e-09,2.49102552e-19,9.50000000e-09,6.58599484e-09,9.50000000e-09,2.03041043e-01,9.50000000e-09,6.46025380e-02,9.50000000e-09,1.54396215e-01,9.50000000e-09,1.54396215e-01,9.50000000e-09,1.51837349e+08,9.50000000e-09,2.41291009e+09,9.50000000e-09,3.84026568e+08,9.50000000e-09,3.67101781e+01,1.00,.500u,ihp-sg13g2
1.00000000e-08,3.66143141e-07,1.00000000e-08,9.99999677e-09,1.00000000e-08,1.46579742e-16,1.00000000e-08,5.17218432e-17,1.00000000e-08,3.50199501e-19,1.00000000e-08,-1.94201673e-17,1.00000000e-08,3.77714599e-17,1.00000000e-08,2.59063204e-19,1.00000000e-08,6.91103040e-09,1.00000000e-08,2.03041040e-01,1.00000000e-08,6.58726644e-02,1.00000000e-08,1.55733641e-01,1.00000000e-08,1.55733641e-01,1.00000000e-08,1.44696224e+08,1.00000000e-08,2.49791093e+09,1.00000000e-08,3.97554872e+08,1.00000000e-08,3.66143260e+01,1.00,.500u,ihp-sg13g2
1.50000000e-08,5.36951893e-07,1.50000000e-08,1.50512996e-08,1.50000000e-08,1.64491815e-16,1.50000000e-08,7.23243392e-17,1.50000000e-08,4.83650355e-19,1.50000000e-08,-2.73018253e-17,1.50000000e-08,5.26668412e-17,1.50000000e-08,3.58841876e-19,1.50000000e-08,1.02811111e-08,1.50000000e-08,2.03041021e-01,1.50000000e-08,7.62827881e-02,1.50000000e-08,1.66828415e-01,1.50000000e-08,1.66828415e-01,1.50000000e-08,9.72657522e+07,1.50000000e-08,3.26430767e+09,1.50000000e-08,5.19530701e+08,1.50000000e-08,3.56747860e+01,1.00,.500u,ihp-sg13g2
2.00000000e-08,6.97257833e-07,2.00000000e-08,2.00145485e-08,2.00000000e-08,1.80089463e-16,2.00000000e-08,9.01620880e-17,2.00000000e-08,6.07319550e-19,2.00000000e-08,-3.42062406e-17,2.00000000e-08,6.54773751e-17,2.00000000e-08,4.51675701e-19,2.00000000e-08,1.35864713e-08,2.00000000e-08,2.03041009e-01,2.00000000e-08,8.35585074e-02,2.00000000e-08,1.74756224e-01,2.00000000e-08,1.74756224e-01,2.00000000e-08,7.36026286e+07,2.00000000e-08,3.87173032e+09,2.00000000e-08,6.16205019e+08,2.00000000e-08,3.48375500e+01,1.00,.500u,ihp-sg13g2
2.50000000e-08,8.51920597e-07,2.50000000e-08,2.50062317e-08,2.50000000e-08,1.94134951e-16,2.50000000e-08,1.06169809e-16,2.50000000e-08,7.25591662e-19,2.50000000e-08,-4.04679088e-17,2.50000000e-08,7.69046064e-17,2.50000000e-08,5.40814854e-19,2.50000000e-08,1.68979002e-08,2.50000000e-08,2.03041000e-01,2.50000000e-08,8.92577292e-02,2.50000000e-08,1.81093207e-01,2.50000000e-08,1.81093207e-01,2.50000000e-08,5.91789504e+07,2.50000000e-08,4.38829069e+09,2.50000000e-08,6.98418155e+08,2.50000000e-08,3.40683317e+01,1.00,.500u,ihp-sg13g2
3.00000000e-08,1.00092634e-06,3.00000000e-08,3.00031225e-08,3.00000000e-08,2.06824649e-16,3.00000000e-08,1.20597454e-16,3.00000000e-08,8.38796392e-19,3.00000000e-08,-4.61655661e-17,3.00000000e-08,8.71473621e-17,3.00000000e-08,6.26461675e-19,3.00000000e-08,2.01955695e-08,3.00000000e-08,2.03040993e-01,3.00000000e-08,9.39323416e-02,3.00000000e-08,1.86390004e-01,3.00000000e-08,1.86390004e-01,3.00000000e-08,4.95158109e+07,3.00000000e-08,4.83949251e+09,3.00000000e-08,7.70229155e+08,3.00000000e-08,3.33607390e+01,1.00,.500u,ihp-sg13g2
3.50000000e-08,1.14479334e-06,3.50000000e-08,3.50017541e-08,3.50000000e-08,2.18363924e-16,3.50000000e-08,1.33692765e-16,3.50000000e-08,9.47541751e-19,3.50000000e-08,-5.13818682e-17,3.50000000e-08,9.63975073e-17,3.50000000e-08,7.09028537e-19,3.50000000e-08,2.34743541e-08,3.50000000e-08,2.03040987e-01,3.50000000e-08,9.78960898e-02,3.50000000e-08,1.90961411e-01,3.50000000e-08,1.90961411e-01,3.50000000e-08,4.25996811e+07,3.50000000e-08,5.24259375e+09,3.50000000e-08,8.34384710e+08,3.50000000e-08,3.27067420e+01,1.00,.500u,ihp-sg13g2
4.00000000e-08,1.28401424e-06,4.00000000e-08,4.00010691e-08,4.00000000e-08,2.28920721e-16,4.00000000e-08,1.45654932e-16,4.00000000e-08,1.05233932e-18,4.00000000e-08,-5.61842647e-17,4.00000000e-08,1.04808163e-16,4.00000000e-08,7.88861095e-19,4.00000000e-08,2.67317325e-08,4.00000000e-08,2.03040982e-01,4.00000000e-08,1.01338396e-01,4.00000000e-08,1.94997960e-01,4.00000000e-08,1.94997960e-01,4.00000000e-08,3.74087238e+07,4.00000000e-08,5.60899088e+09,4.00000000e-08,8.92698624e+08,4.00000000e-08,3.20994980e+01,1.00,.500u,ihp-sg13g2
4.50000000e-08,1.41902070e-06,4.50000000e-08,4.50006919e-08,4.50000000e-08,2.38631029e-16,4.50000000e-08,1.56643678e-16,4.50000000e-08,1.15360848e-18,4.50000000e-08,-6.06274785e-17,4.50000000e-08,1.12501400e-16,4.50000000e-08,8.66241597e-19,4.50000000e-08,2.99663207e-08,4.50000000e-08,2.03040978e-01,4.50000000e-08,1.04381978e-01,4.50000000e-08,1.98623373e-01,4.50000000e-08,1.98623373e-01,4.50000000e-08,3.33707968e+07,4.50000000e-08,5.94650538e+09,4.50000000e-08,9.46415726e+08,4.50000000e-08,3.15333085e+01,1.00,.500u,ihp-sg13g2
5.00000000e-08,1.55018556e-06,5.00000000e-08,5.00004686e-08,5.00000000e-08,2.47605688e-16,5.00000000e-08,1.66788355e-16,5.00000000e-08,1.25169547e-18,5.00000000e-08,-6.47563005e-17,5.00000000e-08,1.19575568e-16,5.00000000e-08,9.41402469e-19,5.00000000e-08,3.31773611e-08,5.00000000e-08,2.03040974e-01,5.00000000e-08,1.07110789e-01,5.00000000e-08,2.01922488e-01,5.00000000e-08,2.01922488e-01,5.00000000e-08,3.01410349e+07,5.00000000e-08,6.26070255e+09,5.00000000e-08,9.96421758e+08,5.00000000e-08,3.10034206e+01,1.00,.500u,ihp-sg13g2
5.50000000e-08,1.68319280e-06,5.50000000e-08,5.52132278e-08,5.50000000e-08,2.56277549e-16,5.50000000e-08,1.76580514e-16,5.50000000e-08,1.35088311e-18,5.50000000e-08,-6.87661387e-17,5.50000000e-08,1.26378244e-16,5.50000000e-08,1.01760975e-18,5.50000000e-08,3.64996693e-08,5.50000000e-08,2.03040970e-01,5.50000000e-08,1.09685171e-01,5.50000000e-08,2.05080019e-01,5.50000000e-08,2.05080019e-01,5.50000000e-08,2.73975085e+07,5.50000000e-08,6.56785118e+09,5.50000000e-08,1.04530598e+09,5.50000000e-08,3.04853179e+01,1.00,.500u,ihp-sg13g2
6.00000000e-08,1.80652219e-06,6.00000000e-08,6.01746298e-08,6.00000000e-08,2.63958986e-16,6.00000000e-08,1.85246020e-16,6.00000000e-08,1.44262061e-18,6.00000000e-08,-7.23346544e-17,6.00000000e-08,1.32377162e-16,6.00000000e-08,1.08826701e-18,6.00000000e-08,3.96375118e-08,6.00000000e-08,2.03040967e-01,6.00000000e-08,1.11923791e-01,6.00000000e-08,2.07863516e-01,6.00000000e-08,2.07863516e-01,6.00000000e-08,2.52286270e+07,6.00000000e-08,6.84395034e+09,6.00000000e-08,1.08924853e+09,6.00000000e-08,3.00213262e+01,1.00,.500u,ihp-sg13g2
6.50000000e-08,1.92751177e-06,6.50000000e-08,6.51610619e-08,6.50000000e-08,2.71180470e-16,6.50000000e-08,1.93385595e-16,6.50000000e-08,1.53241067e-18,6.50000000e-08,-7.57036869e-17,6.50000000e-08,1.37993963e-16,6.50000000e-08,1.15757945e-18,6.50000000e-08,4.27674460e-08,6.50000000e-08,2.03040964e-01,6.50000000e-08,1.13999258e-01,6.50000000e-08,2.10477242e-01,6.50000000e-08,2.10477242e-01,6.50000000e-08,2.33822707e+07,6.50000000e-08,7.10785614e+09,6.50000000e-08,1.13125044e+09,6.50000000e-08,2.95807298e+01,1.00,.500u,ihp-sg13g2
7.00000000e-08,2.04575879e-06,7.00000000e-08,7.01480693e-08,7.00000000e-08,2.77955935e-16,7.00000000e-08,2.01016220e-16,7.00000000e-08,1.61997468e-18,7.00000000e-08,-7.88770612e-17,7.00000000e-08,1.43243687e-16,7.00000000e-08,1.22531526e-18,7.00000000e-08,4.58741674e-08,7.00000000e-08,2.03040962e-01,7.00000000e-08,1.15925751e-01,7.00000000e-08,2.12933199e-01,7.00000000e-08,2.12933199e-01,7.00000000e-08,2.17987607e+07,7.00000000e-08,7.36001117e+09,7.00000000e-08,1.17138216e+09,7.00000000e-08,2.91634368e+01,1.00,.500u,ihp-sg13g2
7.50000000e-08,2.16148268e-06,7.50000000e-08,7.51369984e-08,7.50000000e-08,2.84332443e-16,7.50000000e-08,2.08191982e-16,7.50000000e-08,1.70549282e-18,7.50000000e-08,-8.18744701e-17,7.50000000e-08,1.48166463e-16,7.50000000e-08,1.29159814e-18,7.50000000e-08,4.89588131e-08,7.50000000e-08,2.03040960e-01,7.50000000e-08,1.17724136e-01,7.50000000e-08,2.15252877e-01,7.50000000e-08,2.15252877e-01,7.50000000e-08,2.04253318e+07,7.50000000e-08,7.60195587e+09,7.50000000e-08,1.20988885e+09,7.50000000e-08,2.87672216e+01,1.00,.500u,ihp-sg13g2
8.00000000e-08,2.27483896e-06,8.00000000e-08,8.01273791e-08,8.00000000e-08,2.90348230e-16,8.00000000e-08,2.14956814e-16,8.00000000e-08,1.78909459e-18,8.00000000e-08,-8.47119013e-17,8.00000000e-08,1.52794896e-16,8.00000000e-08,1.35651463e-18,8.00000000e-08,5.20214460e-08,8.00000000e-08,2.03040957e-01,8.00000000e-08,1.19410641e-01,8.00000000e-08,2.17452883e-01,8.00000000e-08,2.17452883e-01,8.00000000e-08,1.92228413e+07,8.00000000e-08,7.83486423e+09,8.00000000e-08,1.24695737e+09,8.00000000e-08,2.83902829e+01,1.00,.500u,ihp-sg13g2
8.50000000e-08,2.38597136e-06,8.50000000e-08,8.51189559e-08,8.50000000e-08,2.96036723e-16,8.50000000e-08,2.21349067e-16,8.50000000e-08,1.87089829e-18,8.50000000e-08,-8.74034256e-17,8.50000000e-08,1.57157330e-16,8.50000000e-08,1.42014435e-18,8.50000000e-08,5.50623103e-08,8.50000000e-08,2.03040955e-01,8.50000000e-08,1.20998636e-01,8.50000000e-08,2.19546950e-01,8.50000000e-08,2.19546950e-01,8.50000000e-08,1.81612431e+07,8.50000000e-08,8.05971412e+09,8.50000000e-08,1.28274334e+09,8.50000000e-08,2.80310224e+01,1.00,.500u,ihp-sg13g2
9.00000000e-08,2.49501011e-06,9.00000000e-08,9.01115235e-08,9.00000000e-08,3.01427136e-16,9.00000000e-08,2.27402226e-16,9.00000000e-08,1.95101039e-18,9.00000000e-08,-8.99614149e-17,9.00000000e-08,1.61278426e-16,9.00000000e-08,1.48255917e-18,9.00000000e-08,5.80817131e-08,9.00000000e-08,2.03040954e-01,9.00000000e-08,1.22499227e-01,9.00000000e-08,2.21546523e-01,9.00000000e-08,2.21546523e-01,9.00000000e-08,1.72171230e+07,9.00000000e-08,8.27732413e+09,9.00000000e-08,1.31737705e+09,9.00000000e-08,2.76880249e+01,1.00,.500u,ihp-sg13g2
9.50000000e-08,2.60207371e-06,9.50000000e-08,9.51049209e-08,9.50000000e-08,3.06545140e-16,9.50000000e-08,2.33145680e-16,9.50000000e-08,2.02952716e-18,9.50000000e-08,-9.23968019e-17,9.50000000e-08,1.65179757e-16,9.50000000e-08,1.54382435e-18,9.50000000e-08,6.10800093e-08,9.50000000e-08,2.03040952e-01,9.50000000e-08,1.23921743e-01,9.50000000e-08,2.23461244e-01,9.50000000e-08,2.23461244e-01,9.50000000e-08,1.63719687e+07,9.50000000e-08,8.48838679e+09,9.50000000e-08,1.35096872e+09,9.50000000e-08,2.73600324e+01,1.00,.500u,ihp-sg13g2
1.00000000e-07,2.70520169e-06,1.00000000e-07,9.99999801e-08,1.00000000e-07,3.11319148e-16,1.00000000e-07,2.38499691e-16,1.00000000e-07,2.10502306e-18,1.00000000e-07,-9.46742740e-17,1.00000000e-07,1.68808743e-16,1.00000000e-07,1.60281631e-18,1.00000000e-07,6.39987380e-08,1.00000000e-07,2.03040950e-01,1.00000000e-07,1.25247915e-01,1.00000000e-07,2.25263561e-01,1.00000000e-07,2.25263561e-01,1.00000000e-07,1.56253081e+07,1.00000000e-07,8.68948059e+09,1.00000000e-07,1.38297379e+09,1.00000000e-07,2.70520223e+01,1.00,.500u,ihp-sg13g2
1.50000000e-07,3.67813286e-06,1.50000000e-07,1.50245888e-07,1.50000000e-07,3.50000792e-16,1.50000000e-07,2.81748376e-16,1.50000000e-07,2.81073852e-18,1.50000000e-07,-1.13321607e-16,1.50000000e-07,1.97848235e-16,1.50000000e-07,2.15774326e-18,1.50000000e-07,9.28871843e-08,1.50000000e-07,2.03040937e-01,1.50000000e-07,1.36101181e-01,1.50000000e-07,2.40693717e-01,1.50000000e-07,2.40693717e-01,1.50000000e-07,1.07657478e+07,1.50000000e-07,1.05089273e+10,1.50000000e-07,1.67254772e+09,1.50000000e-07,2.44807555e+01,1.00,.500u,ihp-sg13g2
2.00000000e-07,4.52860281e-06,2.00000000e-07,2.00069962e-07,2.00000000e-07,3.76543490e-16,2.00000000e-07,3.11264930e-16,2.00000000e-07,3.41775394e-18,2.00000000e-07,-1.26294008e-16,2.00000000e-07,2.17389698e-16,2.00000000e-07,2.63913501e-18,2.00000000e-07,1.19892194e-07,2.00000000e-07,2.03040928e-01,2.00000000e-07,1.43858521e-01,2.00000000e-07,2.52550027e-01,2.00000000e-07,2.52550027e-01,2.00000000e-07,8.34082656e+06,2.00000000e-07,1.20267723e+10,2.00000000e-07,1.91412026e+09,2.00000000e-07,2.26350960e+01,1.00,.500u,ihp-sg13g2
2.50000000e-07,5.30186350e-06,2.50000000e-07,2.50029178e-07,2.50000000e-07,3.96452855e-16,2.50000000e-07,3.33297247e-16,2.50000000e-07,3.96147775e-18,2.50000000e-07,-1.36098717e-16,2.50000000e-07,2.31832242e-16,2.50000000e-07,3.07273320e-18,2.50000000e-07,1.45654627e-07,2.50000000e-07,2.03040921e-01,2.50000000e-07,1.49982331e-01,2.50000000e-07,2.62456259e-01,2.50000000e-07,2.62456259e-01,2.50000000e-07,6.86555600e+06,2.50000000e-07,1.33732509e+10,2.50000000e-07,2.12841899e+09,2.50000000e-07,2.12049791e+01,1.00,.500u,ihp-sg13g2
3.00000000e-07,6.01582402e-06,3.00000000e-07,3.00014568e-07,3.00000000e-07,4.12111766e-16,3.00000000e-07,3.50546654e-16,3.00000000e-07,4.45655044e-18,3.00000000e-07,-1.43842807e-16,3.00000000e-07,2.43054988e-16,3.00000000e-07,3.46906717e-18,3.00000000e-07,1.70347307e-07,3.00000000e-07,2.03040915e-01,3.00000000e-07,1.55054806e-01,3.00000000e-07,2.71054458e-01,3.00000000e-07,2.71054458e-01,3.00000000e-07,5.87035988e+06,3.00000000e-07,1.45975546e+10,3.00000000e-07,2.32327298e+09,3.00000000e-07,2.00517730e+01,1.00,.500u,ihp-sg13g2
3.50000000e-07,6.68292281e-06,3.50000000e-07,3.50008210e-07,3.50000000e-07,4.24867413e-16,3.50000000e-07,3.64536661e-16,3.50000000e-07,4.91315477e-18,3.50000000e-07,-1.50164687e-16,3.50000000e-07,2.52103154e-16,3.50000000e-07,3.83563639e-18,3.50000000e-07,1.94134134e-07,3.50000000e-07,2.03040910e-01,3.50000000e-07,1.59396950e-01,3.50000000e-07,2.78711511e-01,3.50000000e-07,2.78711511e-01,3.50000000e-07,5.15107766e+06,3.50000000e-07,1.57294314e+10,3.50000000e-07,2.50341676e+09,3.50000000e-07,1.90936173e+01,1.00,.500u,ihp-sg13g2
4.00000000e-07,7.31179718e-06,4.00000000e-07,4.00005034e-07,4.00000000e-07,4.35536436e-16,4.00000000e-07,3.76189103e-16,4.00000000e-07,5.33841310e-18,4.00000000e-07,-1.55456825e-16,4.00000000e-07,2.59602684e-16,4.00000000e-07,4.17776172e-18,4.00000000e-07,2.17144051e-07,4.00000000e-07,2.03040906e-01,4.00000000e-07,1.63202142e-01,4.00000000e-07,2.85654511e-01,4.00000000e-07,2.85654511e-01,4.00000000e-07,4.60523785e+06,4.00000000e-07,1.67880264e+10,4.00000000e-07,2.67189738e+09,4.00000000e-07,1.82792629e+01,1.00,.500u,ihp-sg13g2
4.50000000e-07,7.90869332e-06,4.50000000e-07,4.50003280e-07,4.50000000e-07,4.44645907e-16,4.50000000e-07,3.86097995e-16,4.50000000e-07,5.73751029e-18,4.50000000e-07,-1.59975247e-16,4.50000000e-07,2.65953612e-16,4.50000000e-07,4.49935949e-18,4.50000000e-07,2.39478351e-07,4.50000000e-07,2.03040903e-01,4.50000000e-07,1.66595738e-01,4.50000000e-07,2.92034293e-01,4.50000000e-07,2.92034293e-01,4.50000000e-07,4.17574280e+06,4.50000000e-07,1.77864975e+10,4.50000000e-07,2.83080900e+09,4.50000000e-07,1.75747459e+01,1.00,.500u,ihp-sg13g2
5.00000000e-07,8.47829322e-06,5.00000000e-07,5.00002237e-07,5.00000000e-07,4.52553244e-16,5.00000000e-07,3.94665559e-16,5.00000000e-07,6.11435364e-18,5.00000000e-07,-1.63895023e-16,5.00000000e-07,2.71424968e-16,5.00000000e-07,4.80340757e-18,5.00000000e-07,2.61217775e-07,5.00000000e-07,2.03040900e-01,5.00000000e-07,1.69663636e-01,5.00000000e-07,2.97956552e-01,5.00000000e-07,2.97956552e-01,5.00000000e-07,3.82822340e+06,5.00000000e-07,1.87343552e+10,5.00000000e-07,2.98166524e+09,5.00000000e-07,1.69565106e+01,1.00,.500u,ihp-sg13g2
5.50000000e-07,9.02421209e-06,5.50000000e-07,5.50001578e-07,5.50000000e-07,4.59510574e-16,5.50000000e-07,4.02175138e-16,5.50000000e-07,6.47197237e-18,5.50000000e-07,-1.67340467e-16,5.50000000e-07,2.76205193e-16,5.50000000e-07,5.09223191e-18,5.50000000e-07,2.82427744e-07,5.50000000e-07,2.03040897e-01,5.50000000e-07,1.72467279e-01,5.50000000e-07,3.03498492e-01,5.50000000e-07,3.03498492e-01,5.50000000e-07,3.54072863e+06,5.50000000e-07,1.96387474e+10,5.50000000e-07,3.12560373e+09,5.50000000e-07,1.64076113e+01,1.00,.500u,ihp-sg13g2
6.00000000e-07,9.54931068e-06,6.00000000e-07,6.00001142e-07,6.00000000e-07,4.65701565e-16,6.00000000e-07,4.08832869e-16,6.00000000e-07,6.81277042e-18,6.00000000e-07,-1.70402615e-16,6.00000000e-07,2.80430715e-16,6.00000000e-07,5.36769006e-18,6.00000000e-07,3.03162087e-07,6.00000000e-07,2.03040894e-01,6.00000000e-07,1.75052150e-01,6.00000000e-07,3.08718397e-01,6.00000000e-07,3.08718397e-01,6.00000000e-07,3.29856549e+06,6.00000000e-07,2.05052149e+10,6.00000000e-07,3.26350632e+09,6.00000000e-07,1.59154875e+01,1.00,.500u,ihp-sg13g2
6.50000000e-07,1.00695153e-05,6.50000000e-07,6.51368523e-07,6.50000000e-07,4.71407995e-16,6.50000000e-07,4.14947185e-16,6.50000000e-07,7.14741491e-18,6.50000000e-07,-1.73221119e-16,6.50000000e-07,2.84300651e-16,6.50000000e-07,5.63834951e-18,6.50000000e-07,3.24015409e-07,6.50000000e-07,2.03040892e-01,6.50000000e-07,1.77516220e-01,6.50000000e-07,3.13793140e-01,6.50000000e-07,3.13793140e-01,6.50000000e-07,3.08627298e+06,6.50000000e-07,2.13605102e+10,6.50000000e-07,3.39963078e+09,6.50000000e-07,1.54590142e+01,1.00,.500u,ihp-sg13g2
7.00000000e-07,1.05572877e-05,7.00000000e-07,7.01184231e-07,7.00000000e-07,4.76415546e-16,7.00000000e-07,4.20293698e-16,7.00000000e-07,7.45859098e-18,7.00000000e-07,-1.75690736e-16,7.00000000e-07,2.87675874e-16,7.00000000e-07,5.89015936e-18,7.00000000e-07,3.43843357e-07,7.00000000e-07,2.03040889e-01,7.00000000e-07,1.79747791e-01,7.00000000e-07,3.18472144e-01,7.00000000e-07,3.18472144e-01,7.00000000e-07,2.90830106e+06,7.00000000e-07,2.21598304e+10,7.00000000e-07,3.52684655e+09,7.00000000e-07,1.50563678e+01,1.00,.500u,ihp-sg13g2
7.50000000e-07,1.10311285e-05,7.50000000e-07,7.51101814e-07,7.50000000e-07,4.80995238e-16,7.50000000e-07,4.25166819e-16,7.50000000e-07,7.75854259e-18,7.50000000e-07,-1.77945933e-16,7.50000000e-07,2.90744803e-16,7.50000000e-07,6.13298785e-18,7.50000000e-07,3.63353649e-07,7.50000000e-07,2.03040887e-01,7.50000000e-07,1.81849207e-01,7.50000000e-07,3.22950180e-01,7.50000000e-07,3.22950180e-01,7.50000000e-07,2.75213970e+06,7.50000000e-07,2.29339662e+10,7.50000000e-07,3.65005409e+09,7.50000000e-07,1.46865955e+01,1.00,.500u,ihp-sg13g2
8.00000000e-07,1.14914131e-05,8.00000000e-07,8.01026382e-07,8.00000000e-07,4.85201297e-16,8.00000000e-07,4.29627585e-16,8.00000000e-07,8.04777703e-18,8.00000000e-07,-1.80014009e-16,8.00000000e-07,2.93547505e-16,8.00000000e-07,6.36722045e-18,8.00000000e-07,3.82535663e-07,8.00000000e-07,2.03040886e-01,8.00000000e-07,1.83833158e-01,8.00000000e-07,3.27241562e-01,8.00000000e-07,3.27241562e-01,8.00000000e-07,2.61413535e+06,8.00000000e-07,2.36838054e+10,8.00000000e-07,3.76939470e+09,8.00000000e-07,1.43458609e+01,1.00,.500u,ihp-sg13g2
8.50000000e-07,1.19392912e-05,8.50000000e-07,8.50960476e-07,8.50000000e-07,4.89085643e-16,8.50000000e-07,4.33733908e-16,8.50000000e-07,8.32725761e-18,8.50000000e-07,-1.81921064e-16,8.50000000e-07,2.96121692e-16,8.50000000e-07,6.59361764e-18,8.50000000e-07,4.01414264e-07,8.50000000e-07,2.03040884e-01,8.50000000e-07,1.85713744e-01,8.50000000e-07,3.31366011e-01,8.50000000e-07,3.31366011e-01,8.50000000e-07,2.49119199e+06,8.50000000e-07,2.44114531e+10,8.50000000e-07,3.88520342e+09,8.50000000e-07,1.40303710e+01,1.00,.500u,ihp-sg13g2
9.00000000e-07,1.23757182e-05,9.00000000e-07,9.00902264e-07,9.00000000e-07,4.92690308e-16,9.00000000e-07,4.37532633e-16,9.00000000e-07,8.59779124e-18,9.00000000e-07,-1.83688260e-16,9.00000000e-07,2.98497810e-16,9.00000000e-07,6.81281775e-18,9.00000000e-07,4.20009677e-07,9.00000000e-07,2.03040882e-01,9.00000000e-07,1.87502517e-01,9.00000000e-07,3.35339803e-01,9.00000000e-07,3.35339803e-01,9.00000000e-07,2.38089752e+06,9.00000000e-07,2.51186556e+10,9.00000000e-07,3.99775820e+09,9.00000000e-07,1.37370264e+01,1.00,.500u,ihp-sg13g2
9.50000000e-07,1.28015294e-05,9.50000000e-07,9.50850490e-07,9.50000000e-07,4.96050018e-16,9.50000000e-07,4.41062417e-16,9.50000000e-07,8.86008176e-18,9.50000000e-07,-1.85333095e-16,9.50000000e-07,3.00700936e-16,9.50000000e-07,7.02537905e-18,9.50000000e-07,4.38339906e-07,9.50000000e-07,2.03040880e-01,9.50000000e-07,1.89209199e-01,9.50000000e-07,3.39176834e-01,9.50000000e-07,3.39176834e-01,9.50000000e-07,2.28133461e+06,9.50000000e-07,2.58069326e+10,9.50000000e-07,4.10730088e+09,9.50000000e-07,1.34632411e+01,1.00,.500u,ihp-sg13g2
1.00000000e-06,1.32108530e-05,1.00000000e-06,1.00000174e-06,1.00000000e-06,4.99144814e-16,1.00000000e-06,4.44304296e-16,1.00000000e-06,9.11071316e-18,1.00000000e-06,-1.86846268e-16,1.00000000e-06,3.02720089e-16,1.00000000e-06,7.22852298e-18,1.00000000e-06,4.56132459e-07,1.00000000e-06,2.03040879e-01,1.00000000e-06,1.90816356e-01,1.00000000e-06,3.42830362e-01,1.00000000e-06,3.42830363e-01,1.00000000e-06,2.19234562e+06,1.00000000e-06,2.64669744e+10,1.00000000e-06,4.21234981e+09,1.00000000e-06,1.32108300e+01,1.00,.500u,ihp-sg13g2
1.50000000e-06,1.69527407e-05,1.50000000e-06,1.50125255e-06,1.50000000e-06,5.22742473e-16,1.50000000e-06,4.68688370e-16,1.50000000e-06,1.13402890e-17,1.50000000e-06,-1.98326925e-16,1.50000000e-06,3.17747668e-16,1.50000000e-06,9.03637954e-18,1.50000000e-06,6.26340478e-07,1.50000000e-06,2.03040867e-01,1.50000000e-06,2.04306704e-01,1.50000000e-06,3.74959301e-01,1.50000000e-06,3.74959301e-01,1.50000000e-06,1.59657572e+06,1.50000000e-06,3.24303870e+10,1.50000000e-06,5.16145639e+09,1.50000000e-06,1.12923976e+01,1.00,.500u,ihp-sg13g2
2.00000000e-06,2.01216313e-05,2.00000000e-06,2.00038071e-06,2.00000000e-06,5.38276061e-16,2.00000000e-06,4.84380651e-16,2.00000000e-06,1.31544976e-17,2.00000000e-06,-2.05854700e-16,2.00000000e-06,3.27216019e-16,2.00000000e-06,1.05076404e-17,2.00000000e-06,7.80760452e-07,2.00000000e-06,2.03040859e-01,2.00000000e-06,2.14549781e-01,2.00000000e-06,4.00913907e-01,2.00000000e-06,4.00913907e-01,2.00000000e-06,1.28080258e+06,2.00000000e-06,3.73816203e+10,2.00000000e-06,5.94946965e+09,2.00000000e-06,1.00589009e+01,1.00,.500u,ihp-sg13g2
2.50000000e-06,2.29179929e-05,2.50000000e-06,2.50016109e-06,2.50000000e-06,5.49938853e-16,2.50000000e-06,4.95967791e-16,2.50000000e-06,1.47095419e-17,2.50000000e-06,-2.11525538e-16,2.50000000e-06,3.34061205e-16,2.50000000e-06,1.17686008e-17,2.50000000e-06,9.24678765e-07,2.50000000e-06,2.03040853e-01,2.50000000e-06,2.23040115e-01,2.50000000e-06,4.23257741e-01,2.50000000e-06,4.23257742e-01,2.50000000e-06,1.08145665e+06,2.50000000e-06,4.16737111e+10,2.50000000e-06,6.63257713e+09,2.50000000e-06,9.16660651e+00,1.00,.500u,ihp-sg13g2
3.00000000e-06,2.54344824e-05,3.00000000e-06,3.00008071e-06,3.00000000e-06,5.59336462e-16,3.00000000e-06,5.05191752e-16,3.00000000e-06,1.60776968e-17,3.00000000e-06,-2.16131818e-16,3.00000000e-06,3.39398477e-16,3.00000000e-06,1.28779423e-17,3.00000000e-06,1.06032718e-06,3.00000000e-06,2.03040848e-01,3.00000000e-06,2.30405015e-01,3.00000000e-06,4.43122152e-01,3.00000000e-06,4.43122152e-01,3.00000000e-06,9.43105126e+05,3.00000000e-06,4.54725986e+10,3.00000000e-06,7.23718884e+09,3.00000000e-06,8.47793273e+00,1.00,.500u,ihp-sg13g2
3.50000000e-06,2.77298487e-05,3.50000000e-06,3.50004515e-06,3.50000000e-06,5.67262646e-16,3.50000000e-06,5.12904448e-16,3.50000000e-06,1.73030348e-17,3.50000000e-06,-2.20058873e-16,3.50000000e-06,3.43773547e-16,3.50000000e-06,1.38715114e-17,3.50000000e-06,1.18918870e-06,3.50000000e-06,2.03040844e-01,3.50000000e-06,2.36987151e-01,3.50000000e-06,4.61167287e-01,3.50000000e-06,4.61167287e-01,3.50000000e-06,8.40909434e+05,3.50000000e-06,4.88836149e+10,3.50000000e-06,7.78006895e+09,3.50000000e-06,7.92271173e+00,1.00,.500u,ihp-sg13g2
4.00000000e-06,2.98438462e-05,4.00000000e-06,4.00002724e-06,4.00000000e-06,5.74159544e-16,4.00000000e-06,5.19575540e-16,4.00000000e-06,1.84145015e-17,4.00000000e-06,-2.23517688e-16,4.00000000e-06,3.47487795e-16,4.00000000e-06,1.47728628e-17,4.00000000e-06,1.31229043e-06,4.00000000e-06,2.03040840e-01,4.00000000e-06,2.42993234e-01,4.00000000e-06,4.77812302e-01,4.00000000e-06,4.77812302e-01,4.00000000e-06,7.62026439e+05,4.00000000e-06,5.19783160e+10,4.00000000e-06,8.27260592e+09,4.00000000e-06,7.46091075e+00,1.00,.500u,ihp-sg13g2
4.50000000e-06,3.18049539e-05,4.50000000e-06,4.50001733e-06,4.50000000e-06,5.80295857e-16,4.50000000e-06,5.25487547e-16,4.50000000e-06,1.94323100e-17,4.50000000e-06,-2.26634272e-16,4.50000000e-06,3.50722903e-16,4.50000000e-06,1.55984431e-17,4.50000000e-06,1.43038122e-06,4.50000000e-06,2.03040837e-01,4.50000000e-06,2.48557577e-01,4.50000000e-06,4.93341533e-01,4.50000000e-06,4.93341533e-01,4.50000000e-06,6.99114324e+05,4.50000000e-06,5.48081698e+10,4.50000000e-06,8.72299115e+09,4.50000000e-06,7.06774032e+00,1.00,.500u,ihp-sg13g2
5.00000000e-06,3.36344878e-05,5.00000000e-06,5.00001144e-06,5.00000000e-06,5.85845900e-16,5.00000000e-06,5.30821878e-16,5.00000000e-06,2.03712559e-17,5.00000000e-06,-2.29488975e-16,5.00000000e-06,3.53595784e-16,5.00000000e-06,1.63602845e-17,5.00000000e-06,1.54403027e-06,5.00000000e-06,2.03040834e-01,5.00000000e-06,2.53772422e-01,5.00000000e-06,5.07957697e-01,5.00000000e-06,5.07957697e-01,5.00000000e-06,6.47655698e+05,5.00000000e-06,5.74118344e+10,5.00000000e-06,9.13737724e+09,5.00000000e-06,6.72688217e+00,1.00,.500u,ihp-sg13g2
5.50000000e-06,3.53489573e-05,5.50000000e-06,5.50000773e-06,5.50000000e-06,5.90928648e-16,5.50000000e-06,5.35701080e-16,5.50000000e-06,2.12425750e-17,5.50000000e-06,-2.32135726e-16,5.50000000e-06,3.56185572e-16,5.50000000e-06,1.70675175e-17,5.50000000e-06,1.65368469e-06,5.50000000e-06,2.03040832e-01,5.50000000e-06,2.58703886e-01,5.50000000e-06,5.21810997e-01,5.50000000e-06,5.21810998e-01,5.50000000e-06,6.04710201e+05,5.50000000e-06,5.98193325e+10,5.50000000e-06,9.52054246e+09,5.50000000e-06,6.42707411e+00,1.00,.500u,ihp-sg13g2
6.00000000e-06,3.69615026e-05,6.00000000e-06,6.00000529e-06,6.00000000e-06,5.95628689e-16,6.00000000e-06,5.40211385e-16,6.00000000e-06,2.20550546e-17,6.00000000e-06,-2.34612257e-16,6.00000000e-06,3.58548036e-16,6.00000000e-06,1.77272769e-17,6.00000000e-06,1.75970519e-06,6.00000000e-06,2.03040829e-01,6.00000000e-06,2.63400992e-01,6.00000000e-06,5.35016181e-01,6.00000000e-06,5.35016181e-01,6.00000000e-06,5.68277008e+05,6.00000000e-06,6.20546042e+10,6.00000000e-06,9.87629700e+09,6.00000000e-06,6.16024500e+00,1.00,.500u,ihp-sg13g2
6.50000000e-06,3.85145182e-05,6.50000000e-06,6.51072868e-06,6.50000000e-06,6.00099018e-16,6.50000000e-06,5.44502739e-16,6.50000000e-06,2.28315275e-17,6.50000000e-06,-2.36994545e-16,6.50000000e-06,3.60768663e-16,6.50000000e-06,1.83581074e-17,6.50000000e-06,1.86455711e-06,6.50000000e-06,2.03040827e-01,6.50000000e-06,2.67995698e-01,6.50000000e-06,5.47928841e-01,6.50000000e-06,5.47928841e-01,6.50000000e-06,5.36320391e+05,6.50000000e-06,6.41802721e+10,6.50000000e-06,1.02146075e+10,6.50000000e-06,5.91554649e+00,1.00,.500u,ihp-sg13g2
7.00000000e-06,3.99478126e-05,7.00000000e-06,7.00930784e-06,7.00000000e-06,6.04188344e-16,7.00000000e-06,5.48431739e-16,7.00000000e-06,2.35432594e-17,7.00000000e-06,-2.39197112e-16,7.00000000e-06,3.62779545e-16,7.00000000e-06,1.89366516e-17,7.00000000e-06,1.96381197e-06,7.00000000e-06,2.03040825e-01,7.00000000e-06,2.72312536e-01,7.00000000e-06,5.60045767e-01,7.00000000e-06,5.60045767e-01,7.00000000e-06,5.09213719e+05,7.00000000e-06,6.61181452e+10,7.00000000e-06,1.05230296e+10,7.00000000e-06,5.69925213e+00,1.00,.500u,ihp-sg13g2
7.50000000e-06,4.13085206e-05,7.50000000e-06,7.50855301e-06,7.50000000e-06,6.08047586e-16,7.50000000e-06,5.52144270e-16,7.50000000e-06,2.42149064e-17,7.50000000e-06,-2.41296358e-16,7.50000000e-06,3.64661037e-16,7.50000000e-06,1.94829249e-17,7.50000000e-06,2.06033961e-06,7.50000000e-06,2.03040824e-01,7.50000000e-06,2.76491354e-01,7.50000000e-06,5.71753522e-01,7.50000000e-06,5.71753523e-01,7.50000000e-06,4.85356878e+05,7.50000000e-06,6.79363286e+10,7.50000000e-06,1.08124025e+10,7.50000000e-06,5.50152880e+00,1.00,.500u,ihp-sg13g2
8.00000000e-06,4.26011940e-05,8.00000000e-06,8.00787779e-06,8.00000000e-06,6.11700268e-16,8.00000000e-06,5.55663446e-16,8.00000000e-06,2.48495840e-17,8.00000000e-06,-2.43301677e-16,8.00000000e-06,3.66428721e-16,8.00000000e-06,1.99994445e-17,8.00000000e-06,2.15420271e-06,8.00000000e-06,2.03040822e-01,8.00000000e-06,2.80545471e-01,8.00000000e-06,5.83085288e-01,8.00000000e-06,5.83085289e-01,8.00000000e-06,4.64208868e+05,8.00000000e-06,6.96439027e+10,8.00000000e-06,1.10841714e+10,8.00000000e-06,5.31991060e+00,1.00,.500u,ihp-sg13g2
8.50000000e-06,4.38312659e-05,8.50000000e-06,8.50728612e-06,8.50000000e-06,6.15169384e-16,8.50000000e-06,5.59011563e-16,8.50000000e-06,2.54506922e-17,8.50000000e-06,-2.45222712e-16,8.50000000e-06,3.68096982e-16,8.50000000e-06,2.04889585e-17,8.50000000e-06,2.24556028e-06,8.50000000e-06,2.03040821e-01,8.50000000e-06,2.84490078e-01,8.50000000e-06,5.94081077e-01,8.50000000e-06,5.94081078e-01,8.50000000e-06,4.45323160e+05,8.50000000e-06,7.12507271e+10,8.50000000e-06,1.13399054e+10,8.50000000e-06,5.15220310e+00,1.00,.500u,ihp-sg13g2
9.00000000e-06,4.50034285e-05,9.00000000e-06,9.00676310e-06,9.00000000e-06,6.18473658e-16,9.00000000e-06,5.62206604e-16,9.00000000e-06,2.60211420e-17,9.00000000e-06,-2.47067242e-16,9.00000000e-06,3.69677408e-16,9.00000000e-06,2.09538176e-17,9.00000000e-06,2.33454930e-06,9.00000000e-06,2.03040819e-01,9.00000000e-06,2.88337648e-01,9.00000000e-06,6.04774359e-01,9.00000000e-06,6.04774359e-01,9.00000000e-06,4.28348205e+05,9.00000000e-06,7.27653117e+10,9.00000000e-06,1.15809590e+10,9.00000000e-06,4.99662620e+00,1.00,.500u,ihp-sg13g2
9.50000000e-06,4.61218168e-05,9.50000000e-06,9.50629768e-06,9.50000000e-06,6.21628677e-16,9.50000000e-06,5.65263408e-16,9.50000000e-06,2.65634722e-17,9.50000000e-06,-2.48841711e-16,9.50000000e-06,3.71179525e-16,9.50000000e-06,2.13960704e-17,9.50000000e-06,2.42129228e-06,9.50000000e-06,2.03040818e-01,9.50000000e-06,2.92098664e-01,9.50000000e-06,6.15193802e-01,9.50000000e-06,6.15193803e-01,9.50000000e-06,4.13002597e+05,9.50000000e-06,7.41951240e+10,9.50000000e-06,1.18085207e+10,9.50000000e-06,4.85171182e+00,1.00,.500u,ihp-sg13g2
1.00000000e-05,4.71777998e-05,1.00000000e-05,9.99999843e-06,1.00000000e-05,6.24612784e-16,1.00000000e-05,5.68160561e-16,1.00000000e-05,2.70739748e-17,1.00000000e-05,-2.50531756e-16,1.00000000e-05,3.72594780e-16,1.00000000e-05,2.18126674e-17,1.00000000e-05,2.50491528e-06,1.00000000e-05,2.03040817e-01,1.00000000e-05,2.95739070e-01,1.00000000e-05,6.25245771e-01,1.00000000e-05,6.25245771e-01,1.00000000e-05,3.99215098e+05,1.00000000e-05,7.55312748e+10,1.00000000e-05,1.20211757e+10,1.00000000e-05,4.71778072e+00,1.00,.500u,ihp-sg13g2
1.50000000e-05,5.57038885e-05,1.50000000e-05,1.50034201e-05,1.50000000e-05,6.49229129e-16,1.50000000e-05,5.92323927e-16,1.50000000e-05,3.11677552e-17,1.50000000e-05,-2.64870695e-16,1.50000000e-05,3.84148606e-16,1.50000000e-05,2.51670695e-17,1.50000000e-05,3.25284344e-06,1.50000000e-05,2.03040807e-01,1.50000000e-05,3.29614331e-01,1.50000000e-05,7.17060248e-01,1.50000000e-05,7.17060249e-01,1.50000000e-05,3.07423341e+05,1.50000000e-05,8.58000450e+10,1.50000000e-05,1.36555013e+10,1.50000000e-05,3.71274604e+00,1.00,.500u,ihp-sg13g2
2.00000000e-05,6.14627278e-05,2.00000000e-05,2.00006919e-05,2.00000000e-05,6.66969532e-16,2.00000000e-05,6.10078154e-16,2.00000000e-05,3.39735550e-17,2.00000000e-05,-2.75564635e-16,2.00000000e-05,3.92464404e-16,2.00000000e-05,2.74863371e-17,2.00000000e-05,3.85906970e-06,2.00000000e-05,2.03040800e-01,2.00000000e-05,3.60170352e-01,2.00000000e-05,7.97307998e-01,2.00000000e-05,7.97307999e-01,2.00000000e-05,2.59129810e+05,2.00000000e-05,9.21522271e+10,2.00000000e-05,1.46664825e+10,2.00000000e-05,3.07303008e+00,1.00,.500u,ihp-sg13g2
2.50000000e-05,6.54681068e-05,2.50000000e-05,2.50001790e-05,2.50000000e-05,6.80411589e-16,2.50000000e-05,6.23739138e-16,2.50000000e-05,3.60326733e-17,2.50000000e-05,-2.83796954e-16,2.50000000e-05,3.98838063e-16,2.50000000e-05,2.92042151e-17,2.50000000e-05,4.36170063e-06,2.50000000e-05,2.03040795e-01,2.50000000e-05,3.88976531e-01,2.50000000e-05,8.71180475e-01,2.50000000e-05,8.71180477e-01,2.50000000e-05,2.29268371e+05,2.50000000e-05,9.62183887e+10,2.50000000e-05,1.53136322e+10,2.50000000e-05,2.61870552e+00,1.00,.500u,ihp-sg13g2
3.00000000e-05,6.82721732e-05,3.00000000e-05,3.00000458e-05,3.00000000e-05,6.90865145e-16,3.00000000e-05,6.34489926e-16,3.00000000e-05,3.76163704e-17,3.00000000e-05,-2.90229895e-16,3.00000000e-05,4.03874723e-16,3.00000000e-05,3.05375575e-17,3.00000000e-05,4.78390111e-06,3.00000000e-05,2.03040791e-01,3.00000000e-05,4.16697342e-01,3.00000000e-05,9.41088811e-01,3.00000000e-05,9.41088814e-01,3.00000000e-05,2.09034421e+05,3.00000000e-05,9.88212731e+10,3.00000000e-05,1.57278941e+10,3.00000000e-05,2.27573563e+00,1.00,.500u,ihp-sg13g2
3.50000000e-05,7.02182199e-05,3.50000000e-05,3.50000027e-05,3.50000000e-05,6.99131436e-16,3.50000000e-05,6.43068474e-16,3.50000000e-05,3.88803929e-17,3.50000000e-05,-2.95300910e-16,3.50000000e-05,4.07928610e-16,3.50000000e-05,3.16108187e-17,3.50000000e-05,5.14207274e-06,3.50000000e-05,2.03040788e-01,3.50000000e-05,4.43695862e-01,3.50000000e-05,1.00841221e+00,3.50000000e-05,1.00841221e+00,3.50000000e-05,1.94474106e+05,3.50000000e-05,1.00436365e+11,3.50000000e-05,1.59849439e+10,3.50000000e-05,2.00623470e+00,1.00,.500u,ihp-sg13g2
4.00000000e-05,7.15334285e-05,4.00000000e-05,3.99999841e-05,4.00000000e-05,7.05740092e-16,4.00000000e-05,6.49972508e-16,4.00000000e-05,3.99205756e-17,4.00000000e-05,-2.99315036e-16,4.00000000e-05,4.11229380e-16,4.00000000e-05,3.25006147e-17,4.00000000e-05,5.44837890e-06,4.00000000e-05,2.03040785e-01,4.00000000e-05,4.70193297e-01,4.00000000e-05,1.07401386e+00,4.00000000e-05,1.07401387e+00,4.00000000e-05,1.83540833e+05,4.00000000e-05,1.01359451e+11,4.00000000e-05,1.61318577e+10,4.00000000e-05,1.78833642e+00,1.00,.500u,ihp-sg13g2
4.50000000e-05,7.23749250e-05,4.50000000e-05,4.49999718e-05,4.50000000e-05,7.11059420e-16,4.50000000e-05,6.55554570e-16,4.50000000e-05,4.07989866e-17,4.50000000e-05,-3.02492685e-16,4.50000000e-05,4.13935802e-16,4.50000000e-05,3.32566307e-17,4.50000000e-05,5.71213166e-06,4.50000000e-05,2.03040782e-01,4.50000000e-05,4.96335574e-01,4.50000000e-05,1.13847108e+00,4.50000000e-05,1.13847109e+00,4.50000000e-05,1.75065993e+05,4.50000000e-05,1.01784637e+11,4.50000000e-05,1.61995281e+10,4.50000000e-05,1.60833267e+00,1.00,.500u,ihp-sg13g2
5.00000000e-05,7.28549752e-05,5.00000000e-05,4.99999595e-05,5.00000000e-05,7.15355083e-16,5.00000000e-05,6.60073147e-16,5.00000000e-05,4.15574398e-17,5.00000000e-05,-3.04997479e-16,5.00000000e-05,4.16162573e-16,5.00000000e-05,3.39124084e-17,5.00000000e-05,5.94062025e-06,5.00000000e-05,2.03040780e-01,5.00000000e-05,5.22224763e-01,5.00000000e-05,1.20218966e+00,5.00000000e-05,1.20218967e+00,5.00000000e-05,1.68332591e+05,5.00000000e-05,1.01844492e+11,5.00000000e-05,1.62090544e+10,5.00000000e-05,1.45710069e+00,1.00,.500u,ihp-sg13g2
5.50000000e-05,7.30560619e-05,5.50000000e-05,5.50140940e-05,5.50000000e-05,7.18833021e-16,5.50000000e-05,6.63732102e-16,5.50000000e-05,4.22267862e-17,5.50000000e-05,-3.06958433e-16,5.50000000e-05,4.17999973e-16,5.50000000e-05,3.44928784e-17,5.50000000e-05,6.14017324e-06,5.50000000e-05,2.03040778e-01,5.50000000e-05,5.48008083e-01,5.50000000e-05,1.26564476e+00,5.50000000e-05,1.26564478e+00,5.50000000e-05,1.62861854e+05,5.50000000e-05,1.01631477e+11,5.50000000e-05,1.61751520e+10,5.50000000e-05,1.32795174e+00,1.00,.500u,ihp-sg13g2
6.00000000e-05,7.30388217e-05,6.00000000e-05,6.00059784e-05,6.00000000e-05,7.21619567e-16,6.00000000e-05,6.66656559e-16,6.00000000e-05,4.28231071e-17,6.00000000e-05,-3.08458563e-16,6.00000000e-05,4.19501065e-16,6.00000000e-05,3.50107406e-17,6.00000000e-05,6.31409409e-06,6.00000000e-05,2.03040776e-01,6.00000000e-05,5.73555331e-01,6.00000000e-05,1.32860013e+00,6.00000000e-05,1.32860015e+00,6.00000000e-05,1.58375847e+05,6.00000000e-05,1.01215135e+11,6.00000000e-05,1.61088890e+10,6.00000000e-05,1.21719241e+00,1.00,.500u,ihp-sg13g2
6.50000000e-05,7.28510651e-05,6.50000000e-05,6.49996963e-05,6.50000000e-05,7.23847844e-16,6.50000000e-05,6.68981909e-16,6.50000000e-05,4.33647816e-17,6.50000000e-05,-3.09583082e-16,6.50000000e-05,4.20726102e-16,6.50000000e-05,3.54810822e-17,6.50000000e-05,6.46719395e-06,6.50000000e-05,2.03040775e-01,6.50000000e-05,5.99034485e-01,6.50000000e-05,1.39153312e+00,6.50000000e-05,1.39153314e+00,6.50000000e-05,1.54626567e+05,6.50000000e-05,1.00644170e+11,6.50000000e-05,1.60180171e+10,6.50000000e-05,1.12079085e+00,1.00,.500u,ihp-sg13g2
7.00000000e-05,7.25284868e-05,7.00000000e-05,6.99946590e-05,7.00000000e-05,7.25607918e-16,7.00000000e-05,6.70800194e-16,7.00000000e-05,4.38628804e-17,7.00000000e-05,-3.10391398e-16,7.00000000e-05,4.21715168e-16,7.00000000e-05,3.59129185e-17,7.00000000e-05,6.60260228e-06,7.00000000e-05,2.03040773e-01,7.00000000e-05,6.24477581e-01,7.00000000e-05,1.45457232e+00,7.00000000e-05,1.45457235e+00,7.00000000e-05,1.51455435e+05,7.00000000e-05,9.99554786e+10,7.00000000e-05,1.59084085e+10,7.00000000e-05,1.03620030e+00,1.00,.500u,ihp-sg13g2
7.50000000e-05,7.20989519e-05,7.50000000e-05,7.49905612e-05,7.50000000e-05,7.26971947e-16,7.50000000e-05,6.72185864e-16,7.50000000e-05,4.43257924e-17,7.50000000e-05,-3.10931620e-16,7.50000000e-05,4.22500702e-16,7.50000000e-05,3.63131222e-17,7.50000000e-05,6.72297254e-06,7.50000000e-05,2.03040772e-01,7.50000000e-05,6.49911702e-01,7.50000000e-05,1.51782356e+00,7.50000000e-05,1.51782360e+00,7.50000000e-05,1.48743728e+05,7.50000000e-05,9.91770758e+10,7.50000000e-05,1.57845219e+10,7.50000000e-05,9.61440357e-01,1.00,.500u,ihp-sg13g2
8.00000000e-05,7.15844094e-05,8.00000000e-05,7.99871700e-05,8.00000000e-05,7.27998354e-16,8.00000000e-05,6.73199725e-16,8.00000000e-05,4.47599469e-17,8.00000000e-05,-3.11243075e-16,8.00000000e-05,4.23109231e-16,8.00000000e-05,3.66869961e-17,8.00000000e-05,6.83059633e-06,8.00000000e-05,2.03040771e-01,8.00000000e-05,6.75359484e-01,8.00000000e-05,1.58137378e+00,8.00000000e-05,1.58137383e+00,8.00000000e-05,1.46400102e+05,8.00000000e-05,9.83304549e+10,8.00000000e-05,1.56497780e+10,8.00000000e-05,8.94948645e-01,1.00,.500u,ihp-sg13g2
8.50000000e-05,7.10022799e-05,8.50000000e-05,8.49842973e-05,8.50000000e-05,7.28734944e-16,8.50000000e-05,6.73891930e-16,8.50000000e-05,4.51703298e-17,8.50000000e-05,-3.11358218e-16,8.50000000e-05,4.23562673e-16,8.50000000e-05,3.70386837e-17,8.50000000e-05,6.92750665e-06,8.50000000e-05,2.03040769e-01,8.50000000e-05,7.00840108e-01,8.50000000e-05,1.64529530e+00,8.50000000e-05,1.64529536e+00,8.50000000e-05,1.44352081e+05,8.50000000e-05,9.74322426e+10,8.50000000e-05,1.55068230e+10,8.50000000e-05,8.35475284e-01,1.00,.500u,ihp-sg13g2
9.00000000e-05,7.03664783e-05,9.00000000e-05,8.99817783e-05,9.00000000e-05,7.29221207e-16,9.00000000e-05,6.74304213e-16,9.00000000e-05,4.55608481e-17,9.00000000e-05,-3.11304061e-16,9.00000000e-05,4.23879310e-16,9.00000000e-05,3.73714597e-17,9.00000000e-05,7.01556940e-06,9.00000000e-05,2.03040768e-01,9.00000000e-05,7.26370003e-01,9.00000000e-05,1.70964890e+00,9.00000000e-05,1.70964898e+00,9.00000000e-05,1.42540105e+05,9.00000000e-05,9.64953811e+10,9.00000000e-05,1.53577169e+10,9.00000000e-05,7.82008087e-01,1.00,.500u,ihp-sg13g2
9.50000000e-05,6.96881743e-05,9.50000000e-05,9.49794531e-05,9.50000000e-05,7.29490046e-16,9.50000000e-05,6.74471581e-16,9.50000000e-05,4.59345921e-17,9.50000000e-05,-3.11103267e-16,9.50000000e-05,4.24074524e-16,9.50000000e-05,3.76879388e-17,9.50000000e-05,7.09656710e-06,9.50000000e-05,2.03040767e-01,9.50000000e-05,7.51963363e-01,9.50000000e-05,1.77448615e+00,9.50000000e-05,1.77448624e+00,9.50000000e-05,1.40913203e+05,9.50000000e-05,9.55299865e+10,9.50000000e-05,1.52040696e+10,9.50000000e-05,7.33718420e-01,1.00,.500u,ihp-sg13g2
1.00000000e-04,6.89733709e-05,1.00000000e-04,9.99977679e-05,1.00000000e-04,7.29569062e-16,1.00000000e-04,6.74423015e-16,1.00000000e-04,4.62954823e-17,1.00000000e-04,-3.10773391e-16,1.00000000e-04,4.24161505e-16,1.00000000e-04,3.79914483e-17,1.00000000e-04,7.17258126e-06,1.00000000e-04,2.03040766e-01,1.00000000e-04,7.77738586e-01,1.00000000e-04,1.84012180e+00,1.00000000e-04,1.84012192e+00,1.00000000e-04,1.39419822e+05,1.00000000e-04,9.45398790e+10,1.00000000e-04,1.50464891e+10,1.00000000e-04,6.89749105e-01,1.00,.500u,ihp-sg13g2
1.50000000e-04,6.10798515e-05,1.50000000e-04,1.49886500e-04,1.50000000e-04,7.23743698e-16,1.50000000e-04,6.66254292e-16,1.50000000e-04,4.93980419e-17,1.50000000e-04,-3.03165754e-16,1.50000000e-04,4.20920970e-16,1.50000000e-04,4.04955548e-17,1.50000000e-04,8.16711156e-06,1.50000000e-04,2.03040759e-01,1.50000000e-04,1.04025720e+00,1.50000000e-04,2.52853690e+00,1.50000000e-04,2.52853757e+00,1.50000000e-04,1.22442309e+05,1.50000000e-04,8.43943120e+10,1.50000000e-04,1.34317719e+10,1.50000000e-04,4.07507357e-01,1.00,.500u,ihp-sg13g2
2.00000000e-04,5.28280194e-05,2.00000000e-04,1.98529134e-04,2.00000000e-04,7.12335850e-16,2.00000000e-04,6.51300060e-16,2.00000000e-04,5.19521053e-17,2.00000000e-04,-2.92323669e-16,2.00000000e-04,4.13531695e-16,2.00000000e-04,4.23997305e-17,2.00000000e-04,1.27925933e-05,2.00000000e-04,2.03040755e-01,2.00000000e-04,1.31176502e+00,2.00000000e-04,3.27619836e+00,2.00000000e-04,3.27619996e+00,2.00000000e-04,7.81702328e+04,2.00000000e-04,7.41616744e+10,2.00000000e-04,1.18031971e+10,2.00000000e-04,2.66097062e-01,1.00,.500u,ihp-sg13g2
2.50000000e-04,4.41449272e-05,2.50000000e-04,2.41898756e-04,2.50000000e-04,7.00301293e-16,2.50000000e-04,6.35440626e-16,2.50000000e-04,5.39751832e-17,2.50000000e-04,-2.81882646e-16,2.50000000e-04,4.05009189e-16,2.50000000e-04,4.38075220e-17,2.50000000e-04,2.70885637e-05,2.50000000e-04,2.03040752e-01,2.50000000e-04,1.57079017e+00,2.50000000e-04,4.01741826e+00,2.50000000e-04,4.01741986e+00,2.50000000e-04,3.69159476e+04,2.50000000e-04,6.30370494e+10,2.50000000e-04,1.00326580e+10,2.50000000e-04,1.82493403e-01,1.00,.500u,ihp-sg13g2
3.00000000e-04,3.52939096e-05,3.00000000e-04,2.76178740e-04,3.00000000e-04,6.90204680e-16,3.00000000e-04,6.21997109e-16,3.00000000e-04,5.54206424e-17,3.00000000e-04,-2.73576160e-16,3.00000000e-04,3.97400987e-16,3.00000000e-04,4.47587430e-17,3.00000000e-04,5.14336763e-05,3.00000000e-04,2.03040751e-01,3.00000000e-04,1.78891465e+00,3.00000000e-04,4.65862842e+00,3.00000000e-04,4.65862989e+00,3.00000000e-04,1.94425145e+04,3.00000000e-04,5.11354249e+10,3.00000000e-04,8.13845564e+09,3.00000000e-04,1.27793724e-01,1.00,.500u,ihp-sg13g2
3.50000000e-04,2.69117423e-05,3.50000000e-04,3.02020259e-04,3.50000000e-04,6.82400222e-16,3.50000000e-04,6.11516397e-16,3.50000000e-04,5.64206500e-17,3.50000000e-04,-2.67381303e-16,3.50000000e-04,3.91269878e-16,3.50000000e-04,4.53885580e-17,3.50000000e-04,8.06131669e-05,3.50000000e-04,2.03040750e-01,3.50000000e-04,1.96212565e+00,3.50000000e-04,5.17697046e+00,3.50000000e-04,5.17697200e+00,3.50000000e-04,1.24049214e+04,3.50000000e-04,3.94368897e+10,3.50000000e-04,6.27657594e+09,3.50000000e-04,8.91057521e-02,1.00,.500u,ihp-sg13g2
4.00000000e-04,1.92220358e-05,4.00000000e-04,3.21977847e-04,4.00000000e-04,6.76296025e-16,4.00000000e-04,6.03266897e-16,4.00000000e-04,5.71392575e-17,4.00000000e-04,-2.62658485e-16,4.00000000e-04,3.86336529e-16,4.00000000e-04,4.58255052e-17,4.00000000e-04,1.10830318e-04,4.00000000e-04,2.03040749e-01,4.00000000e-04,2.10150382e+00,4.00000000e-04,5.59913022e+00,4.00000000e-04,5.59913181e+00,4.00000000e-04,9.02280185e+03,4.00000000e-04,2.84225177e+10,4.00000000e-04,4.52358419e+09,4.00000000e-04,5.96998705e-02,1.00,.500u,ihp-sg13g2
4.50000000e-04,1.21877463e-05,4.50000000e-04,3.38037970e-04,4.50000000e-04,6.71346584e-16,4.50000000e-04,5.96546002e-16,4.50000000e-04,5.76829389e-17,4.50000000e-04,-2.58902643e-16,4.50000000e-04,3.82253949e-16,4.50000000e-04,4.61464731e-17,4.50000000e-04,1.40535046e-04,4.50000000e-04,2.03040749e-01,4.50000000e-04,2.21742785e+00,4.50000000e-04,5.95331135e+00,4.50000000e-04,5.95331298e+00,4.50000000e-04,7.11566282e+03,4.50000000e-04,1.81541793e+10,4.50000000e-04,2.88932738e+09,4.50000000e-04,3.60543707e-02,1.00,.500u,ihp-sg13g2
5.00000000e-04,5.71721950e-06,5.00000000e-04,3.51427393e-04,5.00000000e-04,6.67198961e-16,5.00000000e-04,5.90892807e-16,5.00000000e-04,5.81122950e-17,5.00000000e-04,-2.55803487e-16,5.00000000e-04,3.78779193e-16,5.00000000e-04,4.63934699e-17,5.00000000e-04,1.69199893e-04,5.00000000e-04,2.03040748e-01,5.00000000e-04,2.31675969e+00,5.00000000e-04,6.25881476e+00,5.00000000e-04,6.25881643e+00,5.00000000e-04,5.91016922e+03,5.00000000e-04,8.56898741e+09,5.00000000e-04,1.36379670e+09,5.00000000e-04,1.62685653e-02,1.00,.500u,ihp-sg13g2
5.50000000e-04,-2.78543806e-07,5.50000000e-04,3.62903753e-04,5.50000000e-04,6.63630400e-16,5.50000000e-04,5.86014071e-16,5.50000000e-04,5.84628077e-17,5.50000000e-04,-2.53170848e-16,5.50000000e-04,3.75752398e-16,5.50000000e-04,4.65904325e-17,5.50000000e-04,1.96695535e-04,5.50000000e-04,2.03040748e-01,5.50000000e-04,2.40391431e+00,5.50000000e-04,6.52828692e+00,5.50000000e-04,6.52828861e+00,5.50000000e-04,5.08399948e+03,5.50000000e-04,-4.19727315e+08,5.50000000e-04,-6.68016769e+07,5.50000000e-04,-7.67541817e-04,1.00,.500u,ihp-sg13g2
6.00000000e-04,-5.87385286e-06,6.00000000e-04,3.72953570e-04,6.00000000e-04,6.60496054e-16,6.00000000e-04,5.81718055e-16,6.00000000e-04,5.87563725e-17,6.00000000e-04,-2.50883521e-16,6.00000000e-04,3.73066754e-16,6.00000000e-04,4.67518363e-17,6.00000000e-04,2.23041536e-04,6.00000000e-04,2.03040748e-01,6.00000000e-04,2.48180983e+00,6.00000000e-04,6.77018531e+00,6.00000000e-04,6.77018703e+00,6.00000000e-04,4.48346983e+03,6.00000000e-04,-8.89309304e+09,6.00000000e-04,-1.41537972e+09,6.00000000e-04,-1.57495553e-02,1.00,.500u,ihp-sg13g2
6.50000000e-04,-1.11283115e-05,6.50000000e-04,3.81902965e-04,6.50000000e-04,6.57698032e-16,6.50000000e-04,5.77874643e-16,6.50000000e-04,5.90072079e-17,6.50000000e-04,-2.48860808e-16,6.50000000e-04,3.70648645e-16,6.50000000e-04,4.68869304e-17,6.50000000e-04,2.48309169e-04,6.50000000e-04,2.03040747e-01,6.50000000e-04,2.55244575e+00,6.50000000e-04,6.99035393e+00,6.50000000e-04,6.99035567e+00,6.50000000e-04,4.02723751e+03,6.50000000e-04,-1.69200925e+10,6.50000000e-04,-2.69291635e+09,6.50000000e-04,-2.91391074e-02,1.00,.500u,ihp-sg13g2
7.00000000e-04,-1.60894531e-05,7.00000000e-04,3.89979341e-04,7.00000000e-04,6.55167679e-16,7.00000000e-04,5.74392281e-16,7.00000000e-04,5.92249686e-17,7.00000000e-04,-2.47046778e-16,7.00000000e-04,3.68445657e-16,7.00000000e-04,4.70019115e-17,7.00000000e-04,2.72583475e-04,7.00000000e-04,2.03040747e-01,7.00000000e-04,2.61724119e+00,7.00000000e-04,7.19296710e+00,7.00000000e-04,7.19296886e+00,7.00000000e-04,3.66860097e+03,7.00000000e-04,-2.45577638e+10,7.00000000e-04,-3.90848950e+09,7.00000000e-04,-4.12571935e-02,1.00,.500u,ihp-sg13g2
7.50000000e-04,-2.09670296e-05,7.50000000e-04,3.97610499e-04,7.50000000e-04,6.52772393e-16,7.50000000e-04,5.71090142e-16,7.50000000e-04,5.94231920e-17,7.50000000e-04,-2.45342560e-16,7.50000000e-04,3.66346518e-16,7.50000000e-04,4.71045497e-17,7.50000000e-04,2.96806426e-04,7.50000000e-04,2.03040747e-01,7.50000000e-04,2.67939866e+00,7.50000000e-04,7.38789028e+00,7.50000000e-04,7.38789205e+00,7.50000000e-04,3.36919929e+03,7.50000000e-04,-3.21199698e+10,7.50000000e-04,-5.11205197e+09,7.50000000e-04,-5.27325854e-02,1.00,.500u,ihp-sg13g2
8.00000000e-04,-2.54131272e-05,8.00000000e-04,4.04329691e-04,8.00000000e-04,6.50659914e-16,8.00000000e-04,5.68173400e-16,8.00000000e-04,5.95916469e-17,8.00000000e-04,-2.43849809e-16,8.00000000e-04,3.64484435e-16,8.00000000e-04,4.71901223e-17,8.00000000e-04,3.19169817e-04,8.00000000e-04,2.03040747e-01,8.00000000e-04,2.73489285e+00,8.00000000e-04,7.56236249e+00,8.00000000e-04,7.56236428e+00,8.00000000e-04,3.13312834e+03,8.00000000e-04,-3.90574655e+10,8.00000000e-04,-6.21618871e+09,8.00000000e-04,-6.28524883e-02,1.00,.500u,ihp-sg13g2
8.50000000e-04,-2.96799173e-05,8.50000000e-04,4.10587258e-04,8.50000000e-04,6.48689743e-16,8.50000000e-04,5.65449429e-16,8.50000000e-04,5.97433953e-17,8.50000000e-04,-2.42466106e-16,8.50000000e-04,3.62738914e-16,8.50000000e-04,4.72657979e-17,8.50000000e-04,3.40866732e-04,8.50000000e-04,2.03040747e-01,8.50000000e-04,2.78722917e+00,8.50000000e-04,7.72727754e+00,8.50000000e-04,7.72727935e+00,8.50000000e-04,2.93369785e+03,8.50000000e-04,-4.57536405e+10,8.50000000e-04,-7.28191804e+09,8.50000000e-04,-7.22865035e-02,1.00,.500u,ihp-sg13g2
9.00000000e-04,-3.37710937e-05,9.00000000e-04,4.16428181e-04,9.00000000e-04,6.46848342e-16,9.00000000e-04,5.62900306e-16,9.00000000e-04,5.98805639e-17,9.00000000e-04,-2.41180114e-16,9.00000000e-04,3.61099916e-16,9.00000000e-04,4.73329579e-17,9.00000000e-04,3.61873233e-04,9.00000000e-04,2.03040747e-01,9.00000000e-04,2.83665901e+00,9.00000000e-04,7.88335450e+00,9.00000000e-04,7.88335632e+00,9.00000000e-04,2.76339864e+03,9.00000000e-04,-5.22086733e+10,9.00000000e-04,-8.30926842e+09,9.00000000e-04,-8.10970421e-02,1.00,.500u,ihp-sg13g2
9.50000000e-04,-3.77047377e-05,9.50000000e-04,4.21909912e-04,9.50000000e-04,6.45118101e-16,9.50000000e-04,5.60502295e-16,9.50000000e-04,6.00053601e-17,9.50000000e-04,-2.39978045e-16,9.50000000e-04,3.59553343e-16,9.50000000e-04,4.73929506e-17,9.50000000e-04,3.82247042e-04,9.50000000e-04,2.03040746e-01,9.50000000e-04,2.88356388e+00,9.50000000e-04,8.03173827e+00,9.50000000e-04,8.03174011e+00,9.50000000e-04,2.61610919e+03,9.50000000e-04,-5.84462560e+10,9.50000000e-04,-9.30201056e+09,9.50000000e-04,-8.93667976e-02,1.00,.500u,ihp-sg13g2
