 isweep, gm, i_id, id, i_cgg, cgg, i_cgs, cgs, i_cgd, cgd, i_cds, cds, i_css, css, i_cdd, cdd, i_gds, gds, i_vth, vth, i_vdsat, vdsat, i_vgs, vgs, i_vds, vds, i_rds, rds, i_wt, wt, i_ft, ft, i_gm_id, gm_id, W, L, pdk
 1.00000000e-09, 2.68041345e-08, 1.00000000e-09, 9.99325583e-10, 1.00000000e-09, 7.61021179e-16, 1.00000000e-09 -2.76163606e-16, 1.00000000e-09, 2.63305389e-19, 1.00000000e-09, 1.36065838e-16, 1.00000000e-09, 2.03886898e-16, 1.00000000e-09 -8.69934762e-20, 1.00000000e-09, 4.08316548e-10, 1.00000000e-09, 9.60050059e-01, 1.00000000e-09, 4.02316904e-02, 1.00000000e-09, 6.75667269e-01, 1.00000000e-09, 6.75667268e-01, 1.00000000e-09, 2.44908027e+09, 1.00000000e-09, 3.52212728e+07, 1.00000000e-09, 5.60563967e+06, 1.00000000e-09, 2.68222239e+01 , 1, .300, SKY130
 1.50000000e-09, 3.91879571e-08, 1.50000000e-09, 1.50432475e-09, 1.50000000e-09, 7.80831083e-16, 1.50000000e-09 -3.05706269e-16, 1.50000000e-09, 2.94882806e-19, 1.50000000e-09, 1.50063987e-16, 1.50000000e-09, 2.24869449e-16, 1.50000000e-09 -9.96988874e-20, 1.50000000e-09, 6.07876202e-10, 1.50000000e-09, 9.60027345e-01, 1.50000000e-09, 4.03202034e-02, 1.50000000e-09, 6.90901897e-01, 1.50000000e-09, 6.90901896e-01, 1.50000000e-09, 1.64507180e+09, 1.50000000e-09, 5.01874963e+07, 1.50000000e-09, 7.98758811e+06, 1.50000000e-09, 2.60501977e+01 , 1, .300, SKY130
 2.00000000e-09, 5.11709713e-08, 2.00000000e-09, 2.01051403e-09, 2.00000000e-09, 7.96514278e-16, 2.00000000e-09 -3.28701155e-16, 2.00000000e-09, 3.19526623e-19, 2.00000000e-09, 1.60918111e-16, 2.00000000e-09, 2.41139536e-16, 2.00000000e-09 -1.09595081e-19, 2.00000000e-09, 8.05555709e-10, 2.00000000e-09, 9.60010811e-01, 2.00000000e-09, 4.04081735e-02, 2.00000000e-09, 7.01991184e-01, 2.00000000e-09, 7.01991183e-01, 2.00000000e-09, 1.24137907e+09, 2.00000000e-09, 6.42436335e+07, 2.00000000e-09, 1.02246918e+07, 2.00000000e-09, 2.54516858e+01 , 1, .300, SKY130
 2.50000000e-09, 6.25357282e-08, 2.50000000e-09, 2.50410906e-09, 2.50000000e-09, 8.09374424e-16, 2.50000000e-09 -3.47344225e-16, 2.50000000e-09, 3.39543897e-19, 2.50000000e-09, 1.69692975e-16, 2.50000000e-09, 2.54293024e-16, 2.50000000e-09 -1.17619689e-19, 2.50000000e-09, 9.96496045e-10, 2.50000000e-09, 9.59998031e-01, 2.50000000e-09, 4.04933413e-02, 2.50000000e-09, 7.10562802e-01, 2.50000000e-09, 7.10562801e-01, 2.50000000e-09, 1.00351628e+09, 2.50000000e-09, 7.72642751e+07, 2.50000000e-09, 1.22969913e+07, 2.50000000e-09, 2.49732446e+01 , 1, .300, SKY130
 3.00000000e-09, 7.37161982e-08, 3.00000000e-09, 3.00092823e-09, 3.00000000e-09, 8.20662155e-16, 3.00000000e-09 -3.63571550e-16, 3.00000000e-09, 3.56992201e-19, 3.00000000e-09, 1.77313312e-16, 3.00000000e-09, 2.65715994e-16, 3.00000000e-09 -1.24603781e-19, 3.00000000e-09, 1.18714010e-09, 3.00000000e-09, 9.59987308e-01, 3.00000000e-09, 4.05785212e-02, 3.00000000e-09, 7.17754576e-01, 3.00000000e-09, 7.17754575e-01, 3.00000000e-09, 8.42360559e+08, 3.00000000e-09, 8.98252682e+07, 3.00000000e-09, 1.42961354e+07, 3.00000000e-09, 2.45644656e+01 , 1, .300, SKY130
 3.50000000e-09, 8.47339360e-08, 3.50000000e-09, 3.50021099e-09, 3.50000000e-09, 8.30774750e-16, 3.50000000e-09 -3.78013250e-16, 3.50000000e-09, 3.72538529e-19, 3.50000000e-09, 1.84081912e-16, 3.50000000e-09, 2.75862285e-16, 3.50000000e-09 -1.30817808e-19, 3.50000000e-09, 1.37735742e-09, 3.50000000e-09, 9.59978049e-01, 3.50000000e-09, 4.06636201e-02, 3.50000000e-09, 7.23965025e-01, 3.50000000e-09, 7.23965024e-01, 3.50000000e-09, 7.26027964e+08, 3.50000000e-09, 1.01993875e+08, 3.50000000e-09, 1.62328294e+07, 3.50000000e-09, 2.42082367e+01 , 1, .300, SKY130
 4.00000000e-09, 9.55736492e-08, 4.00000000e-09, 3.99987794e-09, 4.00000000e-09, 8.39942251e-16, 4.00000000e-09 -3.91033990e-16, 4.00000000e-09, 3.86568789e-19, 4.00000000e-09, 1.90174182e-16, 4.00000000e-09, 2.84994805e-16, 4.00000000e-09 -1.36418498e-19, 4.00000000e-09, 1.56648333e-09, 4.00000000e-09, 9.59969910e-01, 4.00000000e-09, 4.07483142e-02, 4.00000000e-09, 7.29424107e-01, 4.00000000e-09, 7.29424106e-01, 4.00000000e-09, 6.38372576e+08, 4.00000000e-09, 1.13785976e+08, 4.00000000e-09, 1.81096006e+07, 4.00000000e-09, 2.38941415e+01 , 1, .300, SKY130
 4.50000000e-09, 1.06254569e-07, 4.50000000e-09, 4.49966519e-09, 4.50000000e-09, 8.48350238e-16, 4.50000000e-09 -4.02921174e-16, 4.50000000e-09, 3.99388181e-19, 4.50000000e-09, 1.95727720e-16, 4.50000000e-09, 2.93319800e-16, 4.50000000e-09 -1.41529540e-19, 4.50000000e-09, 1.75452366e-09, 4.50000000e-09, 9.59962639e-01, 4.50000000e-09, 4.08325853e-02, 4.50000000e-09, 7.34300499e-01, 4.50000000e-09, 7.34300497e-01, 4.50000000e-09, 5.69955268e+08, 4.50000000e-09, 1.25248470e+08, 4.50000000e-09, 1.99339131e+07, 4.50000000e-09, 2.36138835e+01 , 1, .300, SKY130
 5.00000000e-09, 1.16795960e-07, 5.00000000e-09, 4.99953636e-09, 5.00000000e-09, 8.56134240e-16, 5.00000000e-09 -4.13882727e-16, 5.00000000e-09, 4.11217810e-19, 5.00000000e-09, 2.00841906e-16, 5.00000000e-09, 3.00986230e-16, 5.00000000e-09 -1.46240501e-19, 5.00000000e-09, 1.94154976e-09, 5.00000000e-09, 9.59956061e-01, 5.00000000e-09, 4.09164491e-02, 5.00000000e-09, 7.38712433e-01, 5.00000000e-09, 7.38712431e-01, 5.00000000e-09, 5.15052470e+08, 5.00000000e-09, 1.36422485e+08, 5.00000000e-09, 2.17123128e+07, 5.00000000e-09, 2.33613583e+01 , 1, .300, SKY130
 5.50000000e-09, 1.27213429e-07, 5.50000000e-09, 5.49945539e-09, 5.50000000e-09, 8.63394538e-16, 5.50000000e-09 -4.24071507e-16, 5.50000000e-09, 4.22220378e-19, 5.50000000e-09, 2.05589722e-16, 5.50000000e-09, 3.08103489e-16, 5.50000000e-09 -1.50617279e-19, 5.50000000e-09, 2.12761794e-09, 5.50000000e-09, 9.59950049e-01, 5.50000000e-09, 4.09999178e-02, 5.50000000e-09, 7.42744897e-01, 5.50000000e-09, 7.42744895e-01, 5.50000000e-09, 4.70009197e+08, 5.50000000e-09, 1.47341016e+08, 5.50000000e-09, 2.34500511e+07, 5.50000000e-09, 2.31320048e+01 , 1, .300, SKY130
 6.00000000e-09, 1.37520110e-07, 6.00000000e-09, 5.99940002e-09, 6.00000000e-09, 8.70207831e-16, 6.00000000e-09 -4.33603762e-16, 6.00000000e-09, 4.32519722e-19, 6.00000000e-09, 2.10026614e-16, 6.00000000e-09, 3.14754683e-16, 6.00000000e-09 -1.54710023e-19, 6.00000000e-09, 2.31277837e-09, 6.00000000e-09, 9.59944508e-01, 6.00000000e-09, 4.10830031e-02, 6.00000000e-09, 7.46461194e-01, 6.00000000e-09, 7.46461192e-01, 6.00000000e-09, 4.32380384e+08, 6.00000000e-09, 1.58031340e+08, 6.00000000e-09, 2.51514689e+07, 6.00000000e-09, 2.29223105e+01 , 1, .300, SKY130
 6.50000000e-09, 1.47727293e-07, 6.50000000e-09, 6.49936218e-09, 6.50000000e-09, 8.76634315e-16, 6.50000000e-09 -4.42570249e-16, 6.50000000e-09, 4.42212608e-19, 6.50000000e-09, 2.14195825e-16, 6.50000000e-09, 3.21004634e-16, 6.50000000e-09 -1.58557909e-19, 6.50000000e-09, 2.49707785e-09, 6.50000000e-09, 9.59939367e-01, 6.50000000e-09, 4.11657172e-02, 6.50000000e-09, 7.49909815e-01, 6.50000000e-09, 7.49909813e-01, 6.50000000e-09, 4.00468092e+08, 6.50000000e-09, 1.68516438e+08, 6.50000000e-09, 2.68202242e+07, 6.50000000e-09, 2.27295062e+01 , 1, .300, SKY130
 7.00000000e-09, 1.57844591e-07, 7.00000000e-09, 6.99933466e-09, 7.00000000e-09, 8.82722092e-16, 7.00000000e-09 -4.51043174e-16, 7.00000000e-09, 4.51376074e-19, 7.00000000e-09, 2.18131735e-16, 7.00000000e-09, 3.26904871e-16, 7.00000000e-09 -1.62192123e-19, 7.00000000e-09, 2.68055669e-09, 7.00000000e-09, 9.59934567e-01, 7.00000000e-09, 4.12480708e-02, 7.00000000e-09, 7.53128694e-01, 7.00000000e-09, 7.53128692e-01, 7.00000000e-09, 3.73056836e+08, 7.00000000e-09, 1.78815725e+08, 7.00000000e-09, 2.84594065e+07, 7.00000000e-09, 2.25513707e+01 , 1, .300, SKY130
 7.50000000e-09, 1.67880352e-07, 7.50000000e-09, 7.49931481e-09, 7.50000000e-09, 8.88510328e-16, 7.50000000e-09 -4.59081091e-16, 7.50000000e-09, 4.60072633e-19, 7.50000000e-09, 2.21862198e-16, 7.50000000e-09, 3.32497148e-16, 7.50000000e-09 -1.65637966e-19, 7.50000000e-09, 2.86325148e-09, 7.50000000e-09, 9.59930066e-01, 7.50000000e-09, 4.13300741e-02, 7.50000000e-09, 7.56148109e-01, 7.50000000e-09, 7.56148107e-01, 7.50000000e-09, 3.49253291e+08, 7.50000000e-09, 1.88945864e+08, 7.50000000e-09, 3.00716683e+07, 7.50000000e-09, 2.23860921e+01 , 1, .300, SKY130
 8.00000000e-09, 1.77841763e-07, 8.00000000e-09, 7.99929733e-09, 8.00000000e-09, 8.94031330e-16, 8.00000000e-09 -4.66732122e-16, 8.00000000e-09, 4.68353692e-19, 8.00000000e-09, 2.25410089e-16, 8.00000000e-09, 3.37815753e-16, 8.00000000e-09 -1.68916241e-19, 8.00000000e-09, 3.04519341e-09, 8.00000000e-09, 9.59925825e-01, 8.00000000e-09, 4.14117357e-02, 8.00000000e-09, 7.58992596e-01, 8.00000000e-09, 7.58992594e-01, 8.00000000e-09, 3.28386367e+08, 8.00000000e-09, 1.98921176e+08, 8.00000000e-09, 3.16592884e+07, 8.00000000e-09, 2.22321731e+01 , 1, .300, SKY130
 8.50000000e-09, 1.87735249e-07, 8.50000000e-09, 8.49928451e-09, 8.50000000e-09, 8.99312193e-16, 8.50000000e-09 -4.74036488e-16, 8.50000000e-09, 4.76262245e-19, 8.50000000e-09, 2.28794516e-16, 8.50000000e-09, 3.42889325e-16, 8.50000000e-09 -1.72044341e-19, 8.50000000e-09, 3.22641283e-09, 8.50000000e-09, 9.59921814e-01, 8.50000000e-09, 4.14930648e-02, 8.50000000e-09, 7.61682373e-01, 8.50000000e-09, 7.61682370e-01, 8.50000000e-09, 3.09941738e+08, 8.50000000e-09, 2.08754258e+08, 8.50000000e-09, 3.32242720e+07, 8.50000000e-09, 2.20883592e+01 , 1, .300, SKY130
 9.00000000e-09, 1.97566387e-07, 9.00000000e-09, 8.99927436e-09, 9.00000000e-09, 9.04375800e-16, 9.00000000e-09 -4.81028052e-16, 9.00000000e-09, 4.83834506e-19, 9.00000000e-09, 2.32031553e-16, 9.00000000e-09, 3.47741962e-16, 9.00000000e-09 -1.75036916e-19, 9.00000000e-09, 3.40693551e-09, 9.00000000e-09, 9.59918010e-01, 9.00000000e-09, 4.15740688e-02, 9.00000000e-09, 7.64234254e-01, 9.00000000e-09, 7.64234251e-01, 9.00000000e-09, 2.93518911e+08, 9.00000000e-09, 2.18456075e+08, 9.00000000e-09, 3.47683641e+07, 9.00000000e-09, 2.19535908e+01 , 1, .300, SKY130
 9.50000000e-09, 2.07340135e-07, 9.50000000e-09, 9.49926611e-09, 9.50000000e-09, 9.09241712e-16, 9.50000000e-09 -4.87735681e-16, 9.50000000e-09, 4.91101361e-19, 9.50000000e-09, 2.35134895e-16, 9.50000000e-09, 3.52394191e-16, 9.50000000e-09 -1.77906458e-19, 9.50000000e-09, 3.58678509e-09, 9.50000000e-09, 9.59914389e-01, 9.50000000e-09, 4.16547551e-02, 9.50000000e-09, 7.66662404e-01, 9.50000000e-09, 7.66662401e-01, 9.50000000e-09, 2.78801204e+08, 9.50000000e-09, 2.28036321e+08, 9.50000000e-09, 3.62931077e+07, 9.50000000e-09, 2.18269635e+01 , 1, .300, SKY130
 1.00000000e-08, 2.17062546e-07, 1.00000000e-08, 9.99934362e-09, 1.00000000e-08, 9.13927574e-16, 1.00000000e-08 -4.94185267e-16, 1.00000000e-08, 4.98090545e-19, 1.00000000e-08, 2.38116808e-16, 1.00000000e-08, 3.56864397e-16, 1.00000000e-08 -1.80664172e-19, 1.00000000e-08, 3.76601333e-09, 1.00000000e-08, 9.59910935e-01, 1.00000000e-08, 4.17351438e-02, 1.00000000e-08, 7.68979249e-01, 1.00000000e-08, 7.68979246e-01, 1.00000000e-08, 2.65532783e+08, 1.00000000e-08, 2.37505195e+08, 1.00000000e-08, 3.78001257e+07, 1.00000000e-08, 2.17076795e+01 , 1, .300, SKY130
 1.50000000e-08, 3.12890875e-07, 1.50000000e-08, 1.50436182e-08, 1.50000000e-08, 9.53647832e-16, 1.50000000e-08 -5.48504689e-16, 1.50000000e-08, 5.57019396e-19, 1.50000000e-08, 2.63153714e-16, 1.50000000e-08, 3.94397848e-16, 1.50000000e-08 -2.03827506e-19, 1.50000000e-08, 5.54121431e-09, 1.50000000e-08, 9.59882764e-01, 1.50000000e-08, 4.25298635e-02, 1.50000000e-08, 7.87874418e-01, 1.50000000e-08, 7.87874414e-01, 1.50000000e-08, 1.80465859e+08, 1.50000000e-08, 3.28098974e+08, 1.50000000e-08, 5.22185735e+07, 1.50000000e-08, 2.07989110e+01 , 1, .300, SKY130
 2.00000000e-08, 4.06323584e-07, 2.00000000e-08, 2.01014615e-08, 2.00000000e-08, 9.84433829e-16, 2.00000000e-08 -5.90230994e-16, 2.00000000e-08, 6.02350686e-19, 2.00000000e-08, 2.82296165e-16, 2.00000000e-08, 4.23095305e-16, 2.00000000e-08 -2.21533019e-19, 2.00000000e-08, 7.27006317e-09, 2.00000000e-08, 9.59862053e-01, 2.00000000e-08, 4.33002630e-02, 2.00000000e-08, 8.01765496e-01, 2.00000000e-08, 8.01765490e-01, 2.00000000e-08, 1.37550387e+08, 2.00000000e-08, 4.12748497e+08, 2.00000000e-08, 6.56909636e+07, 2.00000000e-08, 2.02136339e+01 , 1, .300, SKY130
 2.50000000e-08, 4.96179175e-07, 2.50000000e-08, 2.50453178e-08, 2.50000000e-08, 1.00918326e-15, 2.50000000e-08 -6.23574783e-16, 2.50000000e-08, 6.38604579e-19, 2.50000000e-08, 2.97539304e-16, 2.50000000e-08, 4.45947415e-16, 2.50000000e-08 -2.35617719e-19, 2.50000000e-08, 8.91838064e-09, 2.50000000e-08, 9.59845956e-01, 2.50000000e-08, 4.40308297e-02, 2.50000000e-08, 8.12561840e-01, 2.50000000e-08, 8.12561832e-01, 2.50000000e-08, 1.12127979e+08, 2.50000000e-08, 4.91664097e+08, 2.50000000e-08, 7.82507714e+07, 2.50000000e-08, 1.98112549e+01 , 1, .300, SKY130
 3.00000000e-08, 5.85601335e-07, 3.00000000e-08, 3.00161533e-08, 3.00000000e-08, 1.03041352e-15, 3.00000000e-08 -6.52051238e-16, 3.00000000e-08, 6.69581261e-19, 3.00000000e-08, 3.10520710e-16, 3.00000000e-08, 4.65409013e-16, 3.00000000e-08 -2.47596396e-19, 3.00000000e-08, 1.05394936e-08, 3.00000000e-08, 9.59832468e-01, 3.00000000e-08, 4.47452935e-02, 3.00000000e-08, 8.21609137e-01, 3.00000000e-08, 8.21609128e-01, 3.00000000e-08, 9.48812186e+07, 3.00000000e-08, 5.68316818e+08, 3.00000000e-08, 9.04504308e+07, 3.00000000e-08, 1.95095397e+01 , 1, .300, SKY130
 3.50000000e-08, 6.74788060e-07, 3.50000000e-08, 3.50090749e-08, 3.50000000e-08, 1.04902281e-15, 3.50000000e-08 -6.76925092e-16, 3.50000000e-08, 6.96646793e-19, 3.50000000e-08, 3.21832828e-16, 3.50000000e-08, 4.82368192e-16, 3.50000000e-08 -2.58018687e-19, 3.50000000e-08, 1.21351465e-08, 3.50000000e-08, 9.59820846e-01, 3.50000000e-08, 4.54444944e-02, 3.50000000e-08, 8.29404404e-01, 3.50000000e-08, 8.29404394e-01, 3.50000000e-08, 8.24052680e+07, 3.50000000e-08, 6.43253946e+08, 3.50000000e-08, 1.02377045e+08, 3.50000000e-08, 1.92746613e+01 , 1, .300, SKY130
 4.00000000e-08, 7.63582157e-07, 4.00000000e-08, 4.00057249e-08, 4.00000000e-08, 1.06554846e-15, 4.00000000e-08 -6.98950882e-16, 4.00000000e-08, 7.20617025e-19, 4.00000000e-08, 3.31829055e-16, 4.00000000e-08, 4.97354706e-16, 4.00000000e-08 -2.67213513e-19, 4.00000000e-08, 1.37022762e-08, 4.00000000e-08, 9.59810658e-01, 4.00000000e-08, 4.61272507e-02, 4.00000000e-08, 8.36237814e-01, 4.00000000e-08, 8.36237802e-01, 4.00000000e-08, 7.29805754e+07, 4.00000000e-08, 7.16609509e+08, 4.00000000e-08, 1.14051946e+08, 4.00000000e-08, 1.90868222e+01 , 1, .300, SKY130
 4.50000000e-08, 8.52043717e-07, 4.50000000e-08, 4.50035762e-08, 4.50000000e-08, 1.08040787e-15, 4.50000000e-08 -7.18708525e-16, 4.50000000e-08, 7.42120209e-19, 4.50000000e-08, 3.40779620e-16, 4.50000000e-08, 5.10773644e-16, 4.50000000e-08 -2.75432606e-19, 4.50000000e-08, 1.52425403e-08, 4.50000000e-08, 9.59801587e-01, 4.50000000e-08, 4.67944924e-02, 4.50000000e-08, 8.42321683e-01, 4.50000000e-08, 8.42321670e-01, 4.50000000e-08, 6.56058621e+07, 4.50000000e-08, 7.88631535e+08, 4.50000000e-08, 1.25514607e+08, 4.50000000e-08, 1.89328002e+01 , 1, .300, SKY130
 5.00000000e-08, 9.40230313e-07, 5.00000000e-08, 5.00022547e-08, 5.00000000e-08, 1.09390617e-15, 5.00000000e-08 -7.36619694e-16, 5.00000000e-08, 7.61613676e-19, 5.00000000e-08, 3.48880532e-16, 5.00000000e-08, 5.22918839e-16, 5.00000000e-08 -2.82858753e-19, 5.00000000e-08, 1.67578944e-08, 5.00000000e-08, 9.59793410e-01, 5.00000000e-08, 4.74472813e-02, 5.00000000e-08, 8.47806143e-01, 5.00000000e-08, 8.47806128e-01, 5.00000000e-08, 5.96733679e+07, 5.00000000e-08, 8.59516416e+08, 5.00000000e-08, 1.36796286e+08, 5.00000000e-08, 1.88037583e+01 , 1, .300, SKY130
 5.50000000e-08, 1.02817489e-06, 5.50000000e-08, 5.50014104e-08, 5.50000000e-08, 1.10627024e-15, 5.50000000e-08 -7.52996674e-16, 5.50000000e-08, 7.79436420e-19, 5.50000000e-08, 3.56276689e-16, 5.50000000e-08, 5.34007506e-16, 5.50000000e-08 -2.89627208e-19, 5.50000000e-08, 1.82500043e-08, 5.50000000e-08, 9.59785965e-01, 5.50000000e-08, 4.80865454e-02, 5.50000000e-08, 8.52799994e-01, 5.50000000e-08, 8.52799978e-01, 5.50000000e-08, 5.47945075e+07, 5.50000000e-08, 9.29406623e+08, 5.50000000e-08, 1.47919658e+08, 5.50000000e-08, 1.86936095e+01 , 1, .300, SKY130
 6.00000000e-08, 1.11589730e-06, 6.00000000e-08, 6.00008434e-08, 6.00000000e-08, 1.11767405e-15, 6.00000000e-08 -7.68078095e-16, 6.00000000e-08, 7.95847680e-19, 6.00000000e-08, 3.63078624e-16, 6.00000000e-08, 5.44205344e-16, 6.00000000e-08 -2.95841218e-19, 6.00000000e-08, 1.97203497e-08, 6.00000000e-08, 9.59779130e-01, 6.00000000e-08, 4.87131203e-02, 6.00000000e-08, 8.57384807e-01, 6.00000000e-08, 8.57384790e-01, 6.00000000e-08, 5.07090398e+07, 6.00000000e-08, 9.98410317e+08, 6.00000000e-08, 1.58901937e+08, 6.00000000e-08, 1.85980270e+01 , 1, .300, SKY130
 6.50000000e-08, 1.20340900e-06, 6.50000000e-08, 6.50004481e-08, 6.50000000e-08, 1.12825412e-15, 6.50000000e-08 -7.82050642e-16, 6.50000000e-08, 8.11050395e-19, 6.50000000e-08, 3.69372676e-16, 6.50000000e-08, 5.53641785e-16, 6.50000000e-08 -3.01581470e-19, 6.50000000e-08, 2.11702520e-08, 6.50000000e-08, 9.59772811e-01, 6.50000000e-08, 4.93277604e-02, 6.50000000e-08, 8.61623347e-01, 6.50000000e-08, 8.61623328e-01, 6.50000000e-08, 4.72360934e+07, 6.50000000e-08, 1.06661167e+09, 6.50000000e-08, 1.69756519e+08, 6.50000000e-08, 1.85138570e+01 , 1, .300, SKY130
 7.00000000e-08, 1.29071573e-06, 7.00000000e-08, 7.00001651e-08, 7.00000000e-08, 1.13811962e-15, 7.00000000e-08 -7.95063204e-16, 7.00000000e-08, 8.25206512e-19, 7.00000000e-08, 3.75227606e-16, 7.00000000e-08, 5.62419909e-16, 7.00000000e-08 -3.06912246e-19, 7.00000000e-08, 2.26008932e-08, 7.00000000e-08, 9.59766934e-01, 7.00000000e-08, 4.99311465e-02, 7.00000000e-08, 8.65564945e-01, 7.00000000e-08, 8.65564924e-01, 7.00000000e-08, 4.42460389e+07, 7.00000000e-08, 1.13407739e+09, 7.00000000e-08, 1.80494023e+08, 7.00000000e-08, 1.84387527e+01 , 1, .300, SKY130
 7.50000000e-08, 1.37781936e-06, 7.50000000e-08, 7.49999556e-08, 7.50000000e-08, 1.14735929e-15, 7.50000000e-08 -8.07236497e-16, 7.50000000e-08, 8.38447397e-19, 7.50000000e-08, 3.80699089e-16, 7.50000000e-08, 5.70623179e-16, 7.50000000e-08 -3.11885608e-19, 7.50000000e-08, 2.40133344e-08, 7.50000000e-08, 9.59761442e-01, 7.50000000e-08, 5.05238951e-02, 7.50000000e-08, 8.69249085e-01, 7.50000000e-08, 8.69249063e-01, 7.50000000e-08, 4.16435295e+07, 7.50000000e-08, 1.20086129e+09, 7.50000000e-08, 1.91123011e+08, 7.50000000e-08, 1.83709356e+01 , 1, .300, SKY130
 8.00000000e-08, 1.46471930e-06, 8.00000000e-08, 7.99997964e-08, 8.00000000e-08, 1.15604626e-15, 8.00000000e-08 -8.18669799e-16, 8.00000000e-08, 8.50881137e-19, 8.00000000e-08, 3.85832859e-16, 8.00000000e-08, 5.78320156e-16, 8.00000000e-08 -3.16544325e-19, 8.00000000e-08, 2.54085339e-08, 8.00000000e-08, 9.59756285e-01, 8.00000000e-08, 5.11065663e-02, 8.00000000e-08, 8.72707868e-01, 8.00000000e-08, 8.72707845e-01, 8.00000000e-08, 3.93568556e+07, 8.00000000e-08, 1.26700752e+09, 8.00000000e-08, 2.01650509e+08, 8.00000000e-08, 1.83090378e+01 , 1, .300, SKY130
 8.50000000e-08, 1.55141341e-06, 8.50000000e-08, 8.49996752e-08, 8.50000000e-08, 1.16424155e-15, 8.50000000e-08 -8.29445780e-16, 8.50000000e-08, 8.62597770e-19, 8.50000000e-08, 3.90666952e-16, 8.50000000e-08, 5.85567863e-16, 8.50000000e-08 -3.20923974e-19, 8.50000000e-08, 2.67873618e-08, 8.50000000e-08, 9.59751425e-01, 8.50000000e-08, 5.16796714e-02, 8.50000000e-08, 8.75967748e-01, 8.50000000e-08, 8.75967724e-01, 8.50000000e-08, 3.73310373e+07, 8.50000000e-08, 1.33255287e+09, 8.50000000e-08, 2.12082375e+08, 8.50000000e-08, 1.82519922e+01 , 1, .300, SKY130
 9.00000000e-08, 1.63789850e-06, 9.00000000e-08, 8.99995792e-08, 9.00000000e-08, 1.17199660e-15, 9.00000000e-08 -8.39634009e-16, 9.00000000e-08, 8.73673093e-19, 9.00000000e-08, 3.95233346e-16, 9.00000000e-08, 5.92414237e-16, 9.00000000e-08 -3.25054460e-19, 9.00000000e-08, 2.81506092e-08, 9.00000000e-08, 9.59746829e-01, 9.00000000e-08, 5.22436777e-02, 9.00000000e-08, 8.79050784e-01, 9.00000000e-08, 8.79050758e-01, 9.00000000e-08, 3.55232099e+07, 9.00000000e-08, 1.39752836e+09, 9.00000000e-08, 2.22423547e+08, 9.00000000e-08, 1.81989573e+01 , 1, .300, SKY130
 9.50000000e-08, 1.72417088e-06, 9.50000000e-08, 9.49995042e-08, 9.50000000e-08, 1.17935522e-15, 9.50000000e-08 -8.49293614e-16, 9.50000000e-08, 8.84171547e-19, 9.50000000e-08, 3.99559191e-16, 9.50000000e-08, 5.98899981e-16, 9.50000000e-08 -3.28961173e-19, 9.50000000e-08, 2.94990016e-08, 9.50000000e-08, 9.59742468e-01, 9.50000000e-08, 5.27990152e-02, 9.50000000e-08, 8.81975565e-01, 9.50000000e-08, 8.81975537e-01, 9.50000000e-08, 3.38994524e+07, 9.50000000e-08, 1.46196061e+09, 9.50000000e-08, 2.32678258e+08, 9.50000000e-08, 1.81492618e+01 , 1, .300, SKY130
 1.00000000e-07, 1.81085493e-06, 1.00000000e-07, 1.00036001e-07, 1.00000000e-07, 1.18640492e-15, 1.00000000e-07 -8.58540749e-16, 1.00000000e-07, 8.94219513e-19, 1.00000000e-07, 4.03697020e-16, 1.00000000e-07, 6.05103854e-16, 1.00000000e-07 -3.32692238e-19, 1.00000000e-07, 3.08429083e-08, 1.00000000e-07, 9.59738291e-01, 1.00000000e-07, 5.33500495e-02, 1.00000000e-07, 8.84777753e-01, 1.00000000e-07, 8.84777724e-01, 1.00000000e-07, 3.24223640e+07, 1.00000000e-07, 1.52633802e+09, 1.00000000e-07, 2.42924241e+08, 1.00000000e-07, 1.81020324e+01 , 1, .300, SKY130
 1.50000000e-07, 2.66690712e-06, 1.50000000e-07, 1.50529192e-07, 1.50000000e-07, 1.24261893e-15, 1.50000000e-07 -9.32049803e-16, 1.50000000e-07, 9.73998119e-19, 1.50000000e-07, 4.36475166e-16, 1.50000000e-07, 6.54249117e-16, 1.50000000e-07 -3.62020730e-19, 1.50000000e-07, 4.36388942e-08, 1.50000000e-07, 9.59704840e-01, 1.50000000e-07, 5.84813241e-02, 1.50000000e-07, 9.07215966e-01, 1.50000000e-07, 9.07215923e-01, 1.50000000e-07, 2.29153377e+07, 1.50000000e-07, 2.14619869e+09, 1.50000000e-07, 3.41578130e+08, 1.50000000e-07, 1.77168766e+01 , 1, .300, SKY130
 2.00000000e-07, 3.50017213e-06, 2.00000000e-07, 2.01181506e-07, 2.00000000e-07, 1.28273293e-15, 2.00000000e-07 -9.84282052e-16, 2.00000000e-07, 1.03054652e-18, 2.00000000e-07, 4.59640362e-16, 2.00000000e-07, 6.88982277e-16, 2.00000000e-07 -3.82460647e-19, 2.00000000e-07, 5.55052065e-08, 2.00000000e-07, 9.59680610e-01, 2.00000000e-07, 6.30711364e-02, 2.00000000e-07, 9.23470087e-01, 2.00000000e-07, 9.23470029e-01, 2.00000000e-07, 1.80163279e+07, 2.00000000e-07, 2.72868346e+09, 2.00000000e-07, 4.34283461e+08, 2.00000000e-07, 1.73980809e+01 , 1, .300, SKY130
 2.50000000e-07, 4.28616686e-06, 2.50000000e-07, 2.50500464e-07, 2.50000000e-07, 1.31302707e-15, 2.50000000e-07 -1.02361878e-15, 2.50000000e-07, 1.07303183e-18, 2.50000000e-07, 4.77015909e-16, 2.50000000e-07, 7.15035143e-16, 2.50000000e-07 -3.97602719e-19, 2.50000000e-07, 6.63641986e-08, 2.50000000e-07, 9.59661963e-01, 2.50000000e-07, 6.71466552e-02, 2.50000000e-07, 9.35978665e-01, 2.50000000e-07, 9.35978593e-01, 2.50000000e-07, 1.50683655e+07, 2.50000000e-07, 3.26434005e+09, 2.50000000e-07, 5.19535855e+08, 2.50000000e-07, 1.71104149e+01 , 1, .300, SKY130
 3.00000000e-07, 5.05277984e-06, 3.00000000e-07, 3.00161966e-07, 3.00000000e-07, 1.33794869e-15, 3.00000000e-07 -1.05591512e-15, 3.00000000e-07, 1.10783335e-18, 3.00000000e-07, 4.91235139e-16, 3.00000000e-07, 7.36355790e-16, 3.00000000e-07 -4.09854831e-19, 3.00000000e-07, 7.67530085e-08, 3.00000000e-07, 9.59646321e-01, 3.00000000e-07, 7.09460551e-02, 3.00000000e-07, 9.46472419e-01, 3.00000000e-07, 9.46472332e-01, 3.00000000e-07, 1.30288052e+07, 3.00000000e-07, 3.77651241e+09, 3.00000000e-07, 6.01050617e+08, 3.00000000e-07, 1.68335113e+01 , 1, .300, SKY130
 3.50000000e-07, 5.79933059e-06, 3.50000000e-07, 3.50088254e-07, 3.50000000e-07, 1.35908219e-15, 3.50000000e-07 -1.08326032e-15, 3.50000000e-07, 1.13723413e-18, 3.50000000e-07, 5.03240791e-16, 3.50000000e-07, 7.54357615e-16, 3.50000000e-07 -4.20089990e-19, 3.50000000e-07, 8.67458846e-08, 3.50000000e-07, 9.59632794e-01, 3.50000000e-07, 7.45172604e-02, 3.50000000e-07, 9.55548053e-01, 3.50000000e-07, 9.55547952e-01, 3.50000000e-07, 1.15279244e+07, 3.50000000e-07, 4.26709335e+09, 3.50000000e-07, 6.79128999e+08, 3.50000000e-07, 1.65653390e+01 , 1, .300, SKY130
 4.00000000e-07, 6.52344786e-06, 4.00000000e-07, 4.00055059e-07, 4.00000000e-07, 1.37734830e-15, 4.00000000e-07 -1.10686625e-15, 4.00000000e-07, 1.16255985e-18, 4.00000000e-07, 5.13579164e-16, 4.00000000e-07, 7.69859656e-16, 4.00000000e-07 -4.28815033e-19, 4.00000000e-07, 9.63667387e-08, 4.00000000e-07, 9.59620873e-01, 4.00000000e-07, 7.78846849e-02, 4.00000000e-07, 9.63545738e-01, 4.00000000e-07, 9.63545622e-01, 4.00000000e-07, 1.03770244e+07, 4.00000000e-07, 4.73623690e+09, 4.00000000e-07, 7.53795515e+08, 4.00000000e-07, 1.63063751e+01 , 1, .300, SKY130
 4.50000000e-07, 7.22595496e-06, 4.50000000e-07, 4.50034518e-07, 4.50000000e-07, 1.39341611e-15, 4.50000000e-07 -1.12761032e-15, 4.50000000e-07, 1.18476871e-18, 4.50000000e-07, 5.22644019e-16, 4.50000000e-07, 7.83452268e-16, 4.50000000e-07 -4.36391693e-19, 4.50000000e-07, 1.05664425e-07, 4.50000000e-07, 9.59610188e-01, 4.50000000e-07, 8.10779359e-02, 4.50000000e-07, 9.70714906e-01, 4.50000000e-07, 9.70714775e-01, 4.50000000e-07, 9.46392315e+06, 4.50000000e-07, 5.18578398e+09, 4.50000000e-07, 8.25343155e+08, 4.50000000e-07, 1.60564461e+01 , 1, .300, SKY130
 5.00000000e-07, 7.90802343e-06, 5.00000000e-07, 5.00022554e-07, 5.00000000e-07, 1.40775105e-15, 5.00000000e-07 -1.14610161e-15, 5.00000000e-07, 1.20452550e-18, 5.00000000e-07, 5.30708098e-16, 5.00000000e-07, 7.95544373e-16, 5.00000000e-07 -4.43069487e-19, 5.00000000e-07, 1.14680433e-07, 5.00000000e-07, 9.59600479e-01, 5.00000000e-07, 8.41210460e-02, 5.00000000e-07, 9.77229146e-01, 5.00000000e-07, 9.77229001e-01, 5.00000000e-07, 8.71988336e+06, 5.00000000e-07, 5.61748715e+09, 5.00000000e-07, 8.94050848e+08, 5.00000000e-07, 1.58153335e+01 , 1, .300, SKY130
 5.50000000e-07, 8.57077708e-06, 5.50000000e-07, 5.50015298e-07, 5.50000000e-07, 1.42068539e-15, 5.50000000e-07 -1.16277428e-15, 5.50000000e-07, 1.22230396e-18, 5.50000000e-07, 5.37965501e-16, 5.50000000e-07, 8.06426983e-16, 5.50000000e-07 -4.49025461e-19, 5.50000000e-07, 1.23447668e-07, 5.50000000e-07, 9.59591562e-01, 5.50000000e-07, 8.70329259e-02, 5.50000000e-07, 9.83212325e-01, 5.50000000e-07, 9.83212166e-01, 5.50000000e-07, 8.10059852e+06, 5.50000000e-07, 6.03284665e+09, 5.50000000e-07, 9.60157365e+08, 5.50000000e-07, 1.55827976e+01 , 1, .300, SKY130
 6.00000000e-07, 9.21529565e-06, 6.00000000e-07, 6.00010661e-07, 6.00000000e-07, 1.43246480e-15, 6.00000000e-07 -1.17794892e-15, 6.00000000e-07, 1.23845376e-18, 6.00000000e-07, 5.44559331e-16, 6.00000000e-07, 8.16314657e-16, 6.00000000e-07 -4.54389765e-19, 6.00000000e-07, 1.31993050e-07, 6.00000000e-07, 9.59583300e-01, 6.00000000e-07, 8.98288630e-02, 6.00000000e-07, 9.88756090e-01, 6.00000000e-07, 9.88755916e-01, 6.00000000e-07, 7.57615644e+06, 6.00000000e-07, 6.43317424e+09, 6.00000000e-07, 1.02387148e+09, 6.00000000e-07, 1.53585532e+01 , 1, .300, SKY130
 6.50000000e-07, 9.84259752e-06, 6.50000000e-07, 6.50007578e-07, 6.50000000e-07, 1.44327587e-15, 6.50000000e-07 -1.19186873e-15, 6.50000000e-07, 1.25324005e-18, 6.50000000e-07, 5.50598004e-16, 6.50000000e-07, 8.25369943e-16, 6.50000000e-07 -4.59260728e-19, 6.50000000e-07, 1.40338927e-07, 6.50000000e-07, 9.59575590e-01, 6.50000000e-07, 9.25214151e-02, 6.50000000e-07, 9.93930131e-01, 6.50000000e-07, 9.93929942e-01, 6.50000000e-07, 7.12560671e+06, 6.50000000e-07, 6.81962313e+09, 6.50000000e-07, 1.08537673e+09, 6.50000000e-07, 1.51422812e+01 , 1, .300, SKY130
 7.00000000e-07, 1.04536323e-05, 7.00000000e-07, 7.00005456e-07, 7.00000000e-07, 1.45326352e-15, 7.00000000e-07 -1.20472240e-15, 7.00000000e-07, 1.26686848e-18, 7.00000000e-07, 5.56165533e-16, 7.00000000e-07, 8.33718806e-16, 7.00000000e-07 -4.63714352e-19, 7.00000000e-07, 1.48504070e-07, 7.00000000e-07, 9.59568349e-01, 7.00000000e-07, 9.51210342e-02, 7.00000000e-07, 9.98788654e-01, 7.00000000e-07, 9.98788451e-01, 7.00000000e-07, 6.73382216e+06, 7.00000000e-07, 7.19321181e+09, 7.00000000e-07, 1.14483522e+09, 7.00000000e-07, 1.49336440e+01 , 1, .300, SKY130
 7.50000000e-07, 1.10492812e-05, 7.50000000e-07, 7.50003957e-07, 7.50000000e-07, 1.46254246e-15, 7.50000000e-07 -1.21665918e-15, 7.50000000e-07, 1.27950166e-18, 7.50000000e-07, 5.61328298e-16, 7.50000000e-07, 8.41460770e-16, 7.50000000e-07 -4.67810537e-19, 7.50000000e-07, 1.56504429e-07, 7.50000000e-07, 9.59561516e-01, 7.50000000e-07, 9.76365265e-02, 7.50000000e-07, 1.00337465e+00, 7.50000000e-07, 1.00337443e+00, 7.50000000e-07, 6.38959555e+06, 7.50000000e-07, 7.55484470e+09, 7.50000000e-07, 1.20239088e+09, 7.50000000e-07, 1.47322971e+01 , 1, .300, SKY130
 8.00000000e-07, 1.16303601e-05, 8.00000000e-07, 8.00002871e-07, 8.00000000e-07, 1.47120504e-15, 8.00000000e-07 -1.22779909e-15, 8.00000000e-07, 1.29127032e-18, 8.00000000e-07, 5.66139630e-16, 8.00000000e-07, 8.48675797e-16, 8.00000000e-07 -4.71597299e-19, 8.00000000e-07, 1.64353688e-07, 8.00000000e-07, 9.59555036e-01, 8.00000000e-07, 1.00075391e-01, 8.00000000e-07, 1.00772279e+00, 8.00000000e-07, 1.00772256e+00, 8.00000000e-07, 6.08443907e+06, 8.00000000e-07, 7.90532914e+09, 8.00000000e-07, 1.25817221e+09, 8.00000000e-07, 1.45378980e+01 , 1, .300, SKY130
 8.50000000e-07, 1.21976245e-05, 8.50000000e-07, 8.50002068e-07, 8.50000000e-07, 1.47932667e-15, 8.50000000e-07 -1.23824007e-15, 8.50000000e-07, 1.30228108e-18, 8.50000000e-07, 5.70643003e-16, 8.50000000e-07, 8.55429071e-16, 8.50000000e-07 -4.75113692e-19, 8.50000000e-07, 1.72063701e-07, 8.50000000e-07, 9.59548869e-01, 8.50000000e-07, 1.02444077e-01, 8.50000000e-07, 1.01186144e+00, 8.50000000e-07, 1.01186119e+00, 8.50000000e-07, 5.81180106e+06, 8.50000000e-07, 8.24538942e+09, 8.50000000e-07, 1.31229448e+09, 8.50000000e-07, 1.43501115e+01 , 1, .300, SKY130
 9.00000000e-07, 1.27517736e-05, 9.00000000e-07, 9.00001461e-07, 9.00000000e-07, 1.48696969e-15, 9.00000000e-07 -1.24806306e-15, 9.00000000e-07, 1.31262204e-18, 9.00000000e-07, 5.74874315e-16, 9.00000000e-07, 8.61774413e-16, 9.00000000e-07 -4.78391894e-19, 9.00000000e-07, 1.79644816e-07, 9.00000000e-07, 9.59542980e-01, 9.00000000e-07, 1.04748175e-01, 9.00000000e-07, 1.01581411e+00, 9.00000000e-07, 1.01581384e+00, 9.00000000e-07, 5.56653971e+06, 9.00000000e-07, 8.57567823e+09, 9.00000000e-07, 1.36486158e+09, 9.00000000e-07, 1.41686143e+01 , 1, .300, SKY130
 9.50000000e-07, 1.32934559e-05, 9.50000000e-07, 9.50000996e-07, 9.50000000e-07, 1.49418626e-15, 9.50000000e-07 -1.25733571e-15, 9.50000000e-07, 1.32236680e-18, 9.50000000e-07, 5.78863541e-16, 9.50000000e-07, 8.67756769e-16, 9.50000000e-07 -4.81458724e-19, 9.50000000e-07, 1.87106133e-07, 9.50000000e-07, 9.59537338e-01, 9.50000000e-07, 1.06992572e-01, 9.50000000e-07, 1.01960049e+00, 9.50000000e-07, 1.01960021e+00, 9.50000000e-07, 5.34456024e+06, 9.50000000e-07, 8.89678634e+09, 9.50000000e-07, 1.41596752e+09, 9.50000000e-07, 1.39930968e+01 , 1, .300, SKY130
 1.00000000e-06, 1.38237555e-05, 1.00000000e-06, 1.00004667e-06, 1.00000000e-06, 1.50102655e-15, 1.00000000e-06 -1.26612298e-15, 1.00000000e-06, 1.33158571e-18, 1.00000000e-06, 5.82639347e-16, 1.00000000e-06, 8.73419121e-16, 1.00000000e-06 -4.84339325e-19, 1.00000000e-06, 1.94462428e-07, 1.00000000e-06, 9.59531915e-01, 1.00000000e-06, 1.09183559e-01, 1.00000000e-06, 1.02324054e+00, 1.00000000e-06, 1.02324025e+00, 1.00000000e-06, 5.14238153e+06, 1.00000000e-06, 9.20953433e+09, 1.00000000e-06, 1.46574291e+09, 1.00000000e-06, 1.38231104e+01 , 1, .300, SKY130
 1.50000000e-06, 1.85934340e-05, 1.50000000e-06, 1.50211888e-06, 1.50000000e-06, 1.55475140e-15, 1.50000000e-06 -1.33509258e-15, 1.50000000e-06, 1.40332942e-18, 1.50000000e-06, 6.12106133e-16, 1.50000000e-06, 9.17610414e-16, 1.50000000e-06 -5.05975584e-19, 1.50000000e-06, 2.63357798e-07, 1.50000000e-06, 9.59486294e-01, 1.50000000e-06, 1.28770846e-01, 1.50000000e-06, 1.05386365e+00, 1.50000000e-06, 1.05386321e+00, 1.50000000e-06, 3.79711558e+06, 1.50000000e-06, 1.19591041e+10, 1.50000000e-06, 1.90335054e+09, 1.50000000e-06, 1.23781375e+01 , 1, .300, SKY130
 2.00000000e-06, 2.26029892e-05, 2.00000000e-06, 2.00377148e-06, 2.00000000e-06, 1.59213772e-15, 2.00000000e-06 -1.38306959e-15, 2.00000000e-06, 1.45244181e-18, 2.00000000e-06, 6.32401895e-16, 2.00000000e-06, 9.48050079e-16, 2.00000000e-06 -5.19813856e-19, 2.00000000e-06, 3.25854299e-07, 2.00000000e-06, 9.59450507e-01, 2.00000000e-06, 1.45316328e-01, 2.00000000e-06, 1.07789070e+00, 2.00000000e-06, 1.07789012e+00, 2.00000000e-06, 3.06885624e+06, 2.00000000e-06, 1.41966294e+10, 2.00000000e-06, 2.25946374e+09, 2.00000000e-06, 1.12802230e+01 , 1, .300, SKY130
 2.50000000e-06, 2.60565245e-05, 2.50000000e-06, 2.50131117e-06, 2.50000000e-06, 1.62037278e-15, 2.50000000e-06 -1.41932178e-15, 2.50000000e-06, 1.48898688e-18, 2.50000000e-06, 6.47604703e-16, 2.50000000e-06, 9.70852791e-16, 2.50000000e-06 -5.29443015e-19, 2.50000000e-06, 3.83644712e-07, 2.50000000e-06, 9.59420486e-01, 2.50000000e-06, 1.59777040e-01, 2.50000000e-06, 1.09805036e+00, 2.50000000e-06, 1.09804964e+00, 2.50000000e-06, 2.60657835e+06, 2.50000000e-06, 1.60805740e+10, 2.50000000e-06, 2.55930285e+09, 2.50000000e-06, 1.04171463e+01 , 1, .300, SKY130
 3.00000000e-06, 2.91334726e-05, 3.00000000e-06, 3.00047848e-06, 3.00000000e-06, 1.64306762e-15, 3.00000000e-06 -1.44849185e-15, 3.00000000e-06, 1.51795451e-18, 3.00000000e-06, 6.59739125e-16, 3.00000000e-06, 9.89054362e-16, 3.00000000e-06 -5.36568626e-19, 3.00000000e-06, 4.38546648e-07, 3.00000000e-06, 9.59393948e-01, 3.00000000e-06, 1.72882071e-01, 3.00000000e-06, 1.11587444e+00, 3.00000000e-06, 1.11587357e+00, 3.00000000e-06, 2.28025913e+06, 3.00000000e-06, 1.77311464e+10, 3.00000000e-06, 2.82199960e+09, 3.00000000e-06, 9.70960893e+00 , 1, .300, SKY130
 3.50000000e-06, 3.19140162e-05, 3.50000000e-06, 3.50025112e-06, 3.50000000e-06, 1.66186641e-15, 3.50000000e-06 -1.47268996e-15, 3.50000000e-06, 1.54162866e-18, 3.50000000e-06, 6.69727622e-16, 3.50000000e-06, 1.00403797e-15, 3.50000000e-06 -5.41985783e-19, 3.50000000e-06, 4.91117568e-07, 3.50000000e-06, 9.59369940e-01, 3.50000000e-06, 1.84927298e-01, 3.50000000e-06, 1.13200174e+00, 3.50000000e-06, 1.13200073e+00, 3.50000000e-06, 2.03617232e+06, 3.50000000e-06, 1.92037194e+10, 3.50000000e-06, 3.05636687e+09, 3.50000000e-06, 9.11763616e+00 , 1, .300, SKY130
 4.00000000e-06, 3.44565655e-05, 4.00000000e-06, 4.00014483e-06, 4.00000000e-06, 1.67778409e-15, 4.00000000e-06 -1.49321640e-15, 4.00000000e-06, 1.56141342e-18, 4.00000000e-06, 6.78136902e-16, 4.00000000e-06, 1.01665339e-15, 4.00000000e-06 -5.46176846e-19, 4.00000000e-06, 5.41763589e-07, 4.00000000e-06, 9.59347862e-01, 4.00000000e-06, 1.96118490e-01, 4.00000000e-06, 1.14683407e+00, 4.00000000e-06, 1.14683291e+00, 4.00000000e-06, 1.84582357e+06, 4.00000000e-06, 2.05369486e+10, 4.00000000e-06, 3.26855688e+09, 4.00000000e-06, 8.61382948e+00 , 1, .300, SKY130
 4.50000000e-06, 3.68051192e-05, 4.50000000e-06, 4.50008887e-06, 4.50000000e-06, 1.69149429e-15, 4.50000000e-06 -1.51093295e-15, 4.50000000e-06, 1.57823659e-18, 4.50000000e-06, 6.85341423e-16, 4.50000000e-06, 1.02746212e-15, 4.50000000e-06 -5.49455902e-19, 4.50000000e-06, 5.90803415e-07, 4.50000000e-06, 9.59327307e-01, 4.50000000e-06, 2.06607774e-01, 4.50000000e-06, 1.16064521e+00, 4.50000000e-06, 1.16064391e+00, 4.50000000e-06, 1.69261039e+06, 4.50000000e-06, 2.17589379e+10, 4.50000000e-06, 3.46304252e+09, 4.50000000e-06, 8.17875385e+00 , 1, .300, SKY130
 5.00000000e-06, 3.89925690e-05, 5.00000000e-06, 5.00005776e-06, 5.00000000e-06, 1.70346190e-15, 5.00000000e-06 -1.52643352e-15, 5.00000000e-06, 1.59273644e-18, 5.00000000e-06, 6.91598694e-16, 5.00000000e-06, 1.03685028e-15, 5.00000000e-06 -5.52036726e-19, 5.00000000e-06, 6.38475203e-07, 5.00000000e-06, 9.59307989e-01, 5.00000000e-06, 2.16507460e-01, 5.00000000e-06, 1.17362637e+00, 5.00000000e-06, 1.17362492e+00, 5.00000000e-06, 1.56623154e+06, 5.00000000e-06, 2.28901914e+10, 5.00000000e-06, 3.64308712e+09, 5.00000000e-06, 7.79842370e+00 , 1, .300, SKY130
 5.50000000e-06, 4.10440501e-05, 5.50000000e-06, 5.50003927e-06, 5.50000000e-06, 1.71402129e-15, 5.50000000e-06 -1.54014479e-15, 5.50000000e-06, 1.60537068e-18, 5.50000000e-06, 6.97093357e-16, 5.50000000e-06, 1.04509477e-15, 5.50000000e-06 -5.54071043e-19, 5.50000000e-06, 6.84961331e-07, 5.50000000e-06, 9.59289702e-01, 5.50000000e-06, 2.25902996e-01, 5.50000000e-06, 1.18591654e+00, 5.50000000e-06, 1.18591494e+00, 5.50000000e-06, 1.45993643e+06, 5.50000000e-06, 2.39460561e+10, 5.50000000e-06, 3.81113320e+09, 5.50000000e-06, 7.46250127e+00 , 1, .300, SKY130
 6.00000000e-06, 4.29791727e-05, 6.00000000e-06, 6.00002766e-06, 6.00000000e-06, 1.72342121e-15, 6.00000000e-06 -1.55238381e-15, 6.00000000e-06, 1.61647878e-18, 6.00000000e-06, 7.01962354e-16, 6.00000000e-06, 1.05240092e-15, 6.00000000e-06 -5.55670187e-19, 6.00000000e-06, 7.30404984e-07, 6.00000000e-06, 9.59272289e-01, 6.00000000e-06, 2.34861141e-01, 6.00000000e-06, 1.19762022e+00, 6.00000000e-06, 1.19761848e+00, 6.00000000e-06, 1.36910347e+06, 6.00000000e-06, 2.49382869e+10, 6.00000000e-06, 3.96905163e+09, 6.00000000e-06, 7.16316243e+00 , 1, .300, SKY130
 6.50000000e-06, 4.48135106e-05, 6.50000000e-06, 6.50002002e-06, 6.50000000e-06, 1.73185178e-15, 6.50000000e-06 -1.56339264e-15, 6.50000000e-06, 1.62631938e-18, 6.50000000e-06, 7.06310054e-16, 6.50000000e-06, 1.05892525e-15, 6.50000000e-06 -5.56918068e-19, 6.50000000e-06, 7.74920911e-07, 6.50000000e-06, 9.59255630e-01, 6.50000000e-06, 2.43435207e-01, 6.50000000e-06, 1.20881821e+00, 6.50000000e-06, 1.20881633e+00, 6.50000000e-06, 1.29045427e+06, 6.50000000e-06, 2.58760658e+10, 6.50000000e-06, 4.11830378e+09, 6.50000000e-06, 6.89436501e+00 , 1, .300, SKY130
 7.00000000e-06, 4.65596261e-05, 7.00000000e-06, 7.00001481e-06, 7.00000000e-06, 1.73946156e-15, 7.00000000e-06 -1.57336031e-15, 7.00000000e-06, 1.63509400e-18, 7.00000000e-06, 7.10217801e-16, 7.00000000e-06, 1.06478975e-15, 7.00000000e-06 -5.57879314e-19, 7.00000000e-06, 8.18602722e-07, 7.00000000e-06, 9.59239629e-01, 7.00000000e-06, 2.51668556e-01, 7.00000000e-06, 1.21957440e+00, 7.00000000e-06, 1.21957237e+00, 7.00000000e-06, 1.22159379e+06, 7.00000000e-06, 2.67666887e+10, 7.00000000e-06, 4.26005081e+09, 7.00000000e-06, 6.65136108e+00 , 1, .300, SKY130
 7.50000000e-06, 4.82277922e-05, 7.50000000e-06, 7.50001113e-06, 7.50000000e-06, 1.74636887e-15, 7.50000000e-06 -1.58243715e-15, 7.50000000e-06, 1.64296257e-18, 7.50000000e-06, 7.13750198e-16, 7.50000000e-06, 1.07009128e-15, 7.50000000e-06 -5.58604611e-19, 7.50000000e-06, 8.61527954e-07, 7.50000000e-06, 9.59224211e-01, 7.50000000e-06, 2.59597018e-01, 7.50000000e-06, 1.22994030e+00, 7.50000000e-06, 1.22993812e+00, 7.50000000e-06, 1.16072844e+06, 7.50000000e-06, 2.76160398e+10, 7.50000000e-06, 4.39522924e+09, 7.50000000e-06, 6.43036274e+00 , 1, .300, SKY130
 8.00000000e-06, 4.98265128e-05, 8.00000000e-06, 8.00000847e-06, 8.00000000e-06, 1.75266940e-15, 8.00000000e-06 -1.59074471e-15, 8.00000000e-06, 1.65005402e-18, 8.00000000e-06, 7.16959372e-16, 8.00000000e-06, 1.07490802e-15, 8.00000000e-06 -5.59134312e-19, 8.00000000e-06, 9.03761702e-07, 8.00000000e-06, 9.59209311e-01, 8.00000000e-06, 2.67250597e-01, 8.00000000e-06, 1.23995814e+00, 8.00000000e-06, 1.23995582e+00, 8.00000000e-06, 1.10648636e+06, 8.00000000e-06, 2.84289283e+10, 8.00000000e-06, 4.52460447e+09, 8.00000000e-06, 6.22830751e+00 , 1, .300, SKY130
 8.50000000e-06, 5.13629045e-05, 8.50000000e-06, 8.50000649e-06, 8.50000000e-06, 1.75844163e-15, 8.50000000e-06 -1.59838256e-15, 8.50000000e-06, 1.65647371e-18, 8.50000000e-06, 7.19887958e-16, 8.50000000e-06, 1.07930390e-15, 8.50000000e-06 -5.59500960e-19, 8.50000000e-06, 9.45359250e-07, 8.50000000e-06, 9.59194878e-01, 8.50000000e-06, 2.74654719e-01, 8.50000000e-06, 1.24966307e+00, 8.50000000e-06, 1.24966060e+00, 8.50000000e-06, 1.05779893e+06, 8.50000000e-06, 2.92093316e+10, 8.50000000e-06, 4.64880951e+09, 8.50000000e-06, 6.04269003e+00 , 1, .300, SKY130
 9.00000000e-06, 5.28429813e-05, 9.00000000e-06, 9.00000499e-06, 9.00000000e-06, 1.76375064e-15, 9.00000000e-06 -1.60543325e-15, 9.00000000e-06, 1.66230873e-18, 9.00000000e-06, 7.22571241e-16, 9.00000000e-06, 1.08333184e-15, 9.00000000e-06 -5.59731084e-19, 9.00000000e-06, 9.86368043e-07, 9.00000000e-06, 9.59180868e-01, 9.00000000e-06, 2.81831149e-01, 9.00000000e-06, 1.25908465e+00, 9.00000000e-06, 1.25908204e+00, 9.00000000e-06, 1.01382036e+06, 9.00000000e-06, 2.99605739e+10, 9.00000000e-06, 4.76837344e+09, 9.00000000e-06, 5.87143911e+00 , 1, .300, SKY130
 9.50000000e-06, 5.42718708e-05, 9.50000000e-06, 9.50000383e-06, 9.50000000e-06, 1.76865099e-15, 9.50000000e-06 -1.61196591e-15, 9.50000000e-06, 1.66763180e-18, 9.50000000e-06, 7.25038726e-16, 9.50000000e-06, 1.08703609e-15, 9.50000000e-06 -5.59846520e-19, 9.50000000e-06, 1.02682917e-06, 9.50000000e-06, 9.59167242e-01, 9.50000000e-06, 2.88798692e-01, 9.50000000e-06, 1.26824807e+00, 9.50000000e-06, 1.26824532e+00, 9.50000000e-06, 9.73871825e+05, 9.50000000e-06, 3.06854609e+10, 9.50000000e-06, 4.88374279e+09, 9.50000000e-06, 5.71282620e+00 , 1, .300, SKY130
 1.00000000e-05, 5.56539682e-05, 1.00000000e-05, 9.99999848e-06, 1.00000000e-05, 1.77318879e-15, 1.00000000e-05 -1.61803893e-15, 1.00000000e-05, 1.67250416e-18, 1.00000000e-05, 7.27315288e-16, 1.00000000e-05, 1.09045395e-15, 1.00000000e-05 -5.59865383e-19, 1.00000000e-05, 1.06677817e-06, 1.00000000e-05, 9.59153970e-01, 1.00000000e-05, 2.95573664e-01, 1.00000000e-05, 1.27717491e+00, 1.00000000e-05, 1.27717201e+00, 1.00000000e-05, 9.37402012e+05, 1.00000000e-05, 3.13863750e+10, 1.00000000e-05, 4.99529673e+09, 1.00000000e-05, 5.56539767e+00 , 1, .300, SKY130
 1.50000000e-05, 6.75629691e-05, 1.50000000e-05, 1.50055294e-05, 1.50000000e-05, 1.80517190e-15, 1.50000000e-05 -1.66177297e-15, 1.50000000e-05, 1.70502479e-18, 1.50000000e-05, 7.43089609e-16, 1.50000000e-05, 1.11414448e-15, 1.50000000e-05 -5.57154708e-19, 1.50000000e-05, 1.44404109e-06, 1.50000000e-05, 9.59035725e-01, 1.50000000e-05, 3.55292699e-01, 1.50000000e-05, 1.35672857e+00, 1.50000000e-05, 1.35672422e+00, 1.50000000e-05, 6.92501069e+05, 1.50000000e-05, 3.74274434e+10, 1.50000000e-05, 5.95676262e+09, 1.50000000e-05, 4.50253819e+00 , 1, .300, SKY130
 2.00000000e-05, 7.71412887e-05, 2.00000000e-05, 2.00101399e-05, 2.00000000e-05, 1.82370235e-15, 2.00000000e-05 -1.68837043e-15, 2.00000000e-05, 1.72213811e-18, 2.00000000e-05, 7.51949182e-16, 2.00000000e-05, 1.12745978e-15, 2.00000000e-05 -5.52821526e-19, 2.00000000e-05, 1.79070685e-06, 2.00000000e-05, 9.58935270e-01, 2.00000000e-05, 4.05015711e-01, 2.00000000e-05, 1.42435101e+00, 2.00000000e-05, 1.42434521e+00, 2.00000000e-05, 5.58438696e+05, 2.00000000e-05, 4.22992759e+10, 2.00000000e-05, 6.73213885e+09, 2.00000000e-05, 3.85510991e+00 , 1, .300, SKY130
 2.50000000e-05, 8.52350015e-05, 2.50000000e-05, 2.50039201e-05, 2.50000000e-05, 1.83592218e-15, 2.50000000e-05 -1.70684462e-15, 2.50000000e-05, 1.73273021e-18, 2.50000000e-05, 7.57641316e-16, 2.50000000e-05, 1.13602078e-15, 2.50000000e-05 -5.48779859e-19, 2.50000000e-05, 2.11470746e-06, 2.50000000e-05, 9.58846117e-01, 2.50000000e-05, 4.48342353e-01, 2.50000000e-05, 1.48439286e+00, 2.50000000e-05, 1.48438561e+00, 2.50000000e-05, 4.72878646e+05, 2.50000000e-05, 4.64262605e+10, 2.50000000e-05, 7.38896886e+09, 2.50000000e-05, 3.40886554e+00 , 1, .300, SKY130
 3.00000000e-05, 9.22893476e-05, 3.00000000e-05, 3.00017346e-05, 3.00000000e-05, 1.84474658e-15, 3.00000000e-05 -1.72089336e-15, 3.00000000e-05, 1.74019585e-18, 3.00000000e-05, 7.61664552e-16, 3.00000000e-05, 1.14207582e-15, 3.00000000e-05 -5.45464086e-19, 3.00000000e-05, 2.42165908e-06, 3.00000000e-05, 9.58764650e-01, 3.00000000e-05, 4.87292676e-01, 3.00000000e-05, 1.53927963e+00, 3.00000000e-05, 1.53927093e+00, 3.00000000e-05, 4.12940042e+05, 3.00000000e-05, 5.00281983e+10, 3.00000000e-05, 7.96223505e+09, 3.00000000e-05, 3.07613372e+00 , 1, .300, SKY130
 3.50000000e-05, 9.85423870e-05, 3.50000000e-05, 3.50009379e-05, 3.50000000e-05, 1.85152859e-15, 3.50000000e-05 -1.73223552e-15, 3.50000000e-05, 1.74600962e-18, 3.50000000e-05, 7.64703671e-16, 3.50000000e-05, 1.14665250e-15, 3.50000000e-05 -5.42926790e-19, 3.50000000e-05, 2.71427074e-06, 3.50000000e-05, 9.58688965e-01, 3.50000000e-05, 5.22954336e-01, 3.50000000e-05, 1.59028812e+00, 3.50000000e-05, 1.59027797e+00, 3.50000000e-05, 3.68423085e+05, 3.50000000e-05, 5.32221796e+10, 3.50000000e-05, 8.47057296e+09, 3.50000000e-05, 2.81542133e+00 , 1, .300, SKY130
 4.00000000e-05, 1.04150404e-04, 4.00000000e-05, 4.00005483e-05, 4.00000000e-05, 1.85699018e-15, 4.00000000e-05 -1.74179544e-15, 4.00000000e-05, 1.75089595e-18, 4.00000000e-05, 7.67118055e-16, 4.00000000e-05, 1.15029025e-15, 4.00000000e-05 -5.41103533e-19, 4.00000000e-05, 2.99448126e-06, 4.00000000e-05, 9.58617810e-01, 4.00000000e-05, 5.56045024e-01, 4.00000000e-05, 1.63825892e+00, 4.00000000e-05, 1.63824732e+00, 4.00000000e-05, 3.33947656e+05, 4.00000000e-05, 5.60855975e+10, 4.00000000e-05, 8.92630008e+09, 4.00000000e-05, 2.60372440e+00 , 1, .300, SKY130
 4.50000000e-05, 1.09223049e-04, 4.50000000e-05, 4.50003386e-05, 4.50000000e-05, 1.86154790e-15, 4.50000000e-05 -1.75011177e-15, 4.50000000e-05, 1.75523570e-18, 4.50000000e-05, 7.69111815e-16, 4.50000000e-05, 1.15329556e-15, 4.50000000e-05 -5.39902023e-19, 4.50000000e-05, 3.26375110e-06, 4.50000000e-05, 9.58550307e-01, 4.50000000e-05, 5.87066794e-01, 4.50000000e-05, 1.68377978e+00, 4.50000000e-05, 1.68376673e+00, 4.50000000e-05, 3.06395914e+05, 4.50000000e-05, 5.86732411e+10, 4.50000000e-05, 9.33813635e+09, 4.50000000e-05, 2.42716060e+00 , 1, .300, SKY130
 5.00000000e-05, 1.13840836e-04, 5.00000000e-05, 5.00002178e-05, 5.00000000e-05, 1.86545725e-15, 5.00000000e-05 -1.75751870e-15, 5.00000000e-05, 1.75923931e-18, 5.00000000e-05, 7.70808284e-16, 5.00000000e-05, 1.15585364e-15, 5.00000000e-05 -5.39231367e-19, 5.00000000e-05, 3.52321195e-06, 5.00000000e-05, 9.58485819e-01, 5.00000000e-05, 6.16385398e-01, 5.00000000e-05, 1.72727849e+00, 5.00000000e-05, 1.72726399e+00, 5.00000000e-05, 2.83831916e+05, 5.00000000e-05, 6.10257008e+10, 5.00000000e-05, 9.71254193e+09, 5.00000000e-05, 2.27680680e+00 , 1, .300, SKY130
 5.50000000e-05, 1.18065132e-04, 5.50000000e-05, 5.50001439e-05, 5.50000000e-05, 1.86888307e-15, 5.50000000e-05 -1.76423466e-15, 5.50000000e-05, 1.76302775e-18, 5.50000000e-05, 7.72285929e-16, 5.50000000e-05, 1.15808240e-15, 5.50000000e-05 -5.39010833e-19, 5.50000000e-05, 3.77376946e-06, 5.50000000e-05, 9.58423866e-01, 5.50000000e-05, 6.44276833e-01, 5.50000000e-05, 1.76907765e+00, 5.50000000e-05, 1.76906170e+00, 5.50000000e-05, 2.64987040e+05, 5.50000000e-05, 6.31741676e+10, 5.50000000e-05, 1.00544810e+10, 5.50000000e-05, 2.14663315e+00 , 1, .300, SKY130
 6.00000000e-05, 1.21944111e-04, 6.00000000e-05, 6.00000966e-05, 6.00000000e-05, 1.87193638e-15, 6.00000000e-05 -1.77040883e-15, 6.00000000e-05, 1.76667265e-18, 6.00000000e-05, 7.73596888e-16, 6.00000000e-05, 1.16006019e-15, 6.00000000e-05 -5.39171499e-19, 6.00000000e-05, 4.01616766e-06, 6.00000000e-05, 9.58364072e-01, 6.00000000e-05, 6.70955384e-01, 6.00000000e-05, 1.80942757e+00, 6.00000000e-05, 1.80941017e+00, 6.00000000e-05, 2.48993589e+05, 6.00000000e-05, 6.51432989e+10, 6.00000000e-05, 1.03678780e+10, 6.00000000e-05, 2.03239859e+00 , 1, .300, SKY130
 6.50000000e-05, 1.25516497e-04, 6.50000000e-05, 6.50000649e-05, 6.50000000e-05, 1.87469473e-15, 6.50000000e-05 -1.77614693e-15, 6.50000000e-05, 1.77021752e-18, 6.50000000e-05, 7.74777122e-16, 6.50000000e-05, 1.16184109e-15, 6.50000000e-05 -5.39655466e-19, 6.50000000e-05, 4.25103095e-06, 6.50000000e-05, 9.58306144e-01, 6.50000000e-05, 6.96591352e-01, 6.50000000e-05, 1.84852707e+00, 6.50000000e-05, 1.84850822e+00, 6.50000000e-05, 2.35237055e+05, 6.50000000e-05, 6.69530323e+10, 6.50000000e-05, 1.06559060e+10, 6.50000000e-05, 1.93102110e+00 , 1, .300, SKY130
 7.00000000e-05, 1.28814029e-04, 7.00000000e-05, 7.00000428e-05, 7.00000000e-05, 1.87721398e-15, 7.00000000e-05 -1.78152633e-15, 7.00000000e-05, 1.77368924e-18, 7.00000000e-05, 7.75852256e-16, 7.00000000e-05, 1.16346361e-15, 7.00000000e-05 -5.40414377e-19, 7.00000000e-05, 4.47889260e-06, 7.00000000e-05, 9.58249839e-01, 7.00000000e-05, 7.21322754e-01, 7.00000000e-05, 1.88653716e+00, 7.00000000e-05, 1.88651686e+00, 7.00000000e-05, 2.23269475e+05, 7.00000000e-05, 6.86197901e+10, 7.00000000e-05, 1.09211788e+10, 7.00000000e-05, 1.84019929e+00 , 1, .300, SKY130
 7.50000000e-05, 1.31863156e-04, 7.50000000e-05, 7.50000269e-05, 7.50000000e-05, 1.87953553e-15, 7.50000000e-05 -1.78660526e-15, 7.50000000e-05, 1.77710473e-18, 7.50000000e-05, 7.76841072e-16, 7.50000000e-05, 1.16495604e-15, 7.50000000e-05 -5.41407863e-19, 7.50000000e-05, 4.70021473e-06, 7.50000000e-05, 9.58194961e-01, 7.50000000e-05, 7.45263312e-01, 7.50000000e-05, 1.92359041e+00, 7.50000000e-05, 1.92356866e+00, 7.50000000e-05, 2.12756237e+05, 7.50000000e-05, 7.01573096e+10, 7.50000000e-05, 1.11658826e+10, 7.50000000e-05, 1.75817479e+00 , 1, .300, SKY130
 8.00000000e-05, 1.34686224e-04, 8.00000000e-05, 8.00000149e-05, 8.00000000e-05, 1.88169082e-15, 8.00000000e-05 -1.79142859e-15, 8.00000000e-05, 1.78047473e-18, 8.00000000e-05, 7.77757697e-16, 8.00000000e-05, 1.16633962e-15, 8.00000000e-05 -5.42602159e-19, 8.00000000e-05, 4.91540271e-06, 8.00000000e-05, 9.58141345e-01, 8.00000000e-05, 7.68508078e-01, 8.00000000e-05, 1.95979753e+00, 8.00000000e-05, 1.95977433e+00, 8.00000000e-05, 2.03442130e+05, 8.00000000e-05, 7.15772343e+10, 8.00000000e-05, 1.13918706e+10, 8.00000000e-05, 1.68357749e+00 , 1, .300, SKY130
 8.50000000e-05, 1.37302343e-04, 8.50000000e-05, 8.50000055e-05, 8.50000000e-05, 1.88370421e-15, 8.50000000e-05 -1.79603165e-15, 8.50000000e-05, 1.78380617e-18, 8.50000000e-05, 7.78612992e-16, 8.50000000e-05, 1.16763072e-15, 8.50000000e-05 -5.43968928e-19, 8.50000000e-05, 5.12481586e-06, 8.50000000e-05, 9.58088850e-01, 8.50000000e-05, 7.91137490e-01, 8.50000000e-05, 1.99525210e+00, 8.50000000e-05, 1.99522745e+00, 8.50000000e-05, 1.95128962e+05, 8.50000000e-05, 7.28895454e+10, 8.50000000e-05, 1.16007315e+10, 8.50000000e-05, 1.61532158e+00 , 1, .300, SKY130
 9.00000000e-05, 1.39728026e-04, 9.00000000e-05, 8.99999978e-05, 9.00000000e-05, 1.88559496e-15, 9.00000000e-05 -1.80044278e-15, 9.00000000e-05, 1.78710354e-18, 9.00000000e-05, 7.79415481e-16, 9.00000000e-05, 1.16884215e-15, 9.00000000e-05 -5.45484289e-19, 9.00000000e-05, 5.32877547e-06, 9.00000000e-05, 9.58037359e-01, 9.00000000e-05, 8.13220370e-01, 9.00000000e-05, 2.03003413e+00, 9.00000000e-05, 2.03000803e+00, 9.00000000e-05, 1.87660374e+05, 9.00000000e-05, 7.41028844e+10, 9.00000000e-05, 1.17938403e+10, 9.00000000e-05, 1.55253366e+00 , 1, .300, SKY130
 9.50000000e-05, 1.41977673e-04, 9.50000000e-05, 9.49999913e-05, 9.50000000e-05, 1.88737858e-15, 9.50000000e-05 -1.80468510e-15, 9.50000000e-05, 1.79036978e-18, 9.50000000e-05, 7.80171969e-16, 9.50000000e-05, 1.16998419e-15, 9.50000000e-05 -5.47128032e-19, 9.50000000e-05, 5.52757111e-06, 9.50000000e-05, 9.57986767e-01, 9.50000000e-05, 8.34816176e-01, 9.50000000e-05, 2.06421263e+00, 9.50000000e-05, 2.06418508e+00, 9.50000000e-05, 1.80911286e+05, 9.50000000e-05, 7.52247981e+10, 9.50000000e-05, 1.19723985e+10, 9.50000000e-05, 1.49450196e+00 , 1, .300, SKY130
 1.00000000e-04, 1.44063944e-04, 1.00000000e-04, 9.99999773e-05, 1.00000000e-04, 1.88906770e-15, 1.00000000e-04 -1.80877771e-15, 1.00000000e-04, 1.79360686e-18, 1.00000000e-04, 7.80887981e-16, 1.00000000e-04, 1.17106514e-15, 1.00000000e-04 -5.48882969e-19, 1.00000000e-04, 5.72146511e-06, 1.00000000e-04, 9.57936986e-01, 1.00000000e-04, 8.55976689e-01, 1.00000000e-04, 2.09784762e+00, 1.00000000e-04, 2.09781862e+00, 1.00000000e-04, 1.74780407e+05, 1.00000000e-04, 7.62619275e+10, 1.00000000e-04, 1.21374627e+10, 1.00000000e-04, 1.44063976e+00 , 1, .300, SKY130
 1.50000000e-04, 1.57925891e-04, 1.50000000e-04, 1.50005344e-04, 1.50000000e-04, 1.90243793e-15, 1.50000000e-04 -1.84408974e-15, 1.50000000e-04, 1.82455243e-18, 1.50000000e-04, 7.86546897e-16, 1.50000000e-04, 1.17960839e-15, 1.50000000e-04 -5.70135842e-19, 1.50000000e-04, 7.43558388e-06, 1.50000000e-04, 9.57470012e-01, 1.50000000e-04, 1.05161702e+00, 1.50000000e-04, 2.41351234e+00, 1.50000000e-04, 2.41346884e+00, 1.50000000e-04, 1.34488430e+05, 1.50000000e-04, 8.30123750e+10, 1.50000000e-04, 1.32118298e+10, 1.50000000e-04, 1.05280177e+00 , 1, .300, SKY130
 2.00000000e-04, 1.62992825e-04, 2.00000000e-04, 2.00001872e-04, 2.00000000e-04, 1.91208640e-15, 2.00000000e-04 -1.87356671e-15, 2.00000000e-04, 1.85316324e-18, 2.00000000e-04, 7.90623984e-16, 2.00000000e-04, 1.18576252e-15, 2.00000000e-04 -5.94190704e-19, 2.00000000e-04, 8.83919574e-06, 2.00000000e-04, 9.57033017e-01, 2.00000000e-04, 1.23363725e+00, 2.00000000e-04, 2.70906997e+00, 2.00000000e-04, 2.70901197e+00, 2.00000000e-04, 1.13132465e+05, 2.00000000e-04, 8.52434412e+10, 2.00000000e-04, 1.35669150e+10, 2.00000000e-04, 8.14956496e-01 , 1, .300, SKY130
 2.50000000e-04, 1.62520628e-04, 2.50000000e-04, 2.49999560e-04, 2.50000000e-04, 1.91975658e-15, 2.50000000e-04 -1.90023490e-15, 2.50000000e-04, 1.87977986e-18, 2.50000000e-04, 7.93861243e-16, 2.50000000e-04, 1.19064770e-15, 2.50000000e-04 -6.18710100e-19, 2.50000000e-04, 1.00251516e-05, 2.50000000e-04, 9.56604726e-01, 2.50000000e-04, 1.41494900e+00, 2.50000000e-04, 2.99878873e+00, 2.50000000e-04, 2.99871623e+00, 2.50000000e-04, 9.97491153e+04, 2.50000000e-04, 8.46568931e+10, 2.50000000e-04, 1.34735630e+10, 2.50000000e-04, 6.50083655e-01 , 1, .300, SKY130
 3.00000000e-04, 1.58334802e-04, 3.00000000e-04, 2.99999321e-04, 3.00000000e-04, 1.92619599e-15, 3.00000000e-04 -1.92551442e-15, 3.00000000e-04, 1.90471039e-18, 3.00000000e-04, 7.96576082e-16, 3.00000000e-04, 1.19474334e-15, 3.00000000e-04 -6.42910296e-19, 3.00000000e-04, 1.10518117e-05, 3.00000000e-04, 9.56173011e-01, 3.00000000e-04, 1.60344357e+00, 3.00000000e-04, 3.29080424e+00, 3.00000000e-04, 3.29071724e+00, 3.00000000e-04, 9.04829021e+04, 3.00000000e-04, 8.22007746e+10, 3.00000000e-04, 1.30826596e+10, 3.00000000e-04, 5.27783868e-01 , 1, .300, SKY130
 3.50000000e-04, 1.51616144e-04, 3.50000000e-04, 3.49998225e-04, 3.50000000e-04, 1.93179665e-15, 3.50000000e-04 -1.95023740e-15, 3.50000000e-04, 1.92820159e-18, 3.50000000e-04, 7.98934946e-16, 3.50000000e-04, 1.19830089e-15, 3.50000000e-04 -6.66497272e-19, 3.50000000e-04, 1.19592157e-05, 3.50000000e-04, 9.55729332e-01, 3.50000000e-04, 1.80522246e+00, 3.50000000e-04, 3.59084293e+00, 3.50000000e-04, 3.59074143e+00, 3.50000000e-04, 8.36175233e+04, 3.50000000e-04, 7.84845260e+10, 3.50000000e-04, 1.24912003e+10, 3.50000000e-04, 4.33191180e-01 , 1, .300, SKY130
 4.00000000e-04, 1.43202230e-04, 4.00000000e-04, 3.99996285e-04, 4.00000000e-04, 1.93678944e-15, 4.00000000e-04 -1.97497327e-15, 4.00000000e-04, 1.95044099e-18, 4.00000000e-04, 8.01035873e-16, 4.00000000e-04, 1.20146847e-15, 4.00000000e-04 -6.89356238e-19, 4.00000000e-04, 1.27765936e-05, 4.00000000e-04, 9.55266690e-01, 4.00000000e-04, 2.02584110e+00, 4.00000000e-04, 3.90360007e+00, 4.00000000e-04, 3.90348407e+00, 4.00000000e-04, 7.82681232e+04, 4.00000000e-04, 7.39379443e+10, 4.00000000e-04, 1.17675893e+10, 4.00000000e-04, 3.58008899e-01 , 1, .300, SKY130
 4.50000000e-04, 1.33728899e-04, 4.50000000e-04, 4.49993775e-04, 4.50000000e-04, 1.94132027e-15, 4.50000000e-04 -2.00015806e-15, 4.50000000e-04, 1.97156348e-18, 4.50000000e-04, 8.02940825e-16, 4.50000000e-04, 1.20433971e-15, 4.50000000e-04 -7.11437594e-19, 4.50000000e-04, 1.35264136e-05, 4.50000000e-04, 9.54778774e-01, 4.50000000e-04, 2.27089296e+00, 4.50000000e-04, 4.23330784e+00, 4.50000000e-04, 4.23317734e+00, 4.50000000e-04, 7.39294265e+04, 4.50000000e-04, 6.88855420e+10, 4.50000000e-04, 1.09634745e+10, 4.50000000e-04, 2.97179443e-01 , 1, .300, SKY130
 5.00000000e-04, 1.23704523e-04, 5.00000000e-04, 4.99990981e-04, 5.00000000e-04, 1.94548537e-15, 5.00000000e-04 -2.02615411e-15, 5.00000000e-04, 1.99165884e-18, 5.00000000e-04, 8.04690680e-16, 5.00000000e-04, 1.20697640e-15, 5.00000000e-04 -7.32710072e-19, 5.00000000e-04, 1.42270274e-05, 5.00000000e-04, 9.54259578e-01, 5.00000000e-04, 2.54634728e+00, 5.00000000e-04, 4.58399470e+00, 5.00000000e-04, 4.58384970e+00, 5.00000000e-04, 7.02887518e+04, 5.00000000e-04, 6.35854294e+10, 5.00000000e-04, 1.01199354e+10, 5.00000000e-04, 2.47413508e-01 , 1, .300, SKY130
 5.50000000e-04, 1.13550795e-04, 5.50000000e-04, 5.49988230e-04, 5.50000000e-04, 1.94934925e-15, 5.50000000e-04 -2.05327709e-15, 5.50000000e-04, 2.01077718e-18, 5.50000000e-04, 8.06312878e-16, 5.50000000e-04, 1.20942002e-15, 5.50000000e-04 -7.53139032e-19, 5.50000000e-04, 1.48946185e-05, 5.50000000e-04, 9.53703289e-01, 5.50000000e-04, 2.85874613e+00, 5.50000000e-04, 4.95956001e+00, 5.50000000e-04, 4.95940051e+00, 5.50000000e-04, 6.71383427e+04, 5.50000000e-04, 5.82506160e+10, 5.50000000e-04, 9.27087347e+09, 5.50000000e-04, 2.06460409e-01 , 1, .300, SKY130
 6.00000000e-04, 1.03624210e-04, 6.00000000e-04, 5.99985912e-04, 6.00000000e-04, 1.95295459e-15, 6.00000000e-04 -2.08180389e-15, 6.00000000e-04, 2.02893289e-18, 6.00000000e-04, 8.07825605e-16, 6.00000000e-04, 1.21169807e-15, 6.00000000e-04 -7.72675785e-19, 6.00000000e-04, 1.55448392e-05, 6.00000000e-04, 9.53104396e-01, 6.00000000e-04, 3.21527951e+00, 6.00000000e-04, 5.36370017e+00, 6.00000000e-04, 5.36352617e+00, 6.00000000e-04, 6.43300316e+04, 6.00000000e-04, 5.30602250e+10, 6.00000000e-04, 8.44479710e+09, 6.00000000e-04, 1.72711072e-01 , 1, .300, SKY130
 6.50000000e-04, 9.42246516e-05, 6.50000000e-04, 6.49984461e-04, 6.50000000e-04, 1.95632801e-15, 6.50000000e-04 -2.11196668e-15, 6.50000000e-04, 2.04610841e-18, 6.50000000e-04, 8.09240253e-16, 6.50000000e-04, 1.21382781e-15, 6.50000000e-04 -7.91253229e-19, 6.50000000e-04, 1.61943602e-05, 6.50000000e-04, 9.52458019e-01, 6.50000000e-04, 3.62371407e+00, 6.50000000e-04, 5.79968864e+00, 6.50000000e-04, 5.79950014e+00, 6.50000000e-04, 6.17498925e+04, 6.50000000e-04, 4.81640356e+10, 6.50000000e-04, 7.66554434e+09, 6.50000000e-04, 1.44964468e-01 , 1, .300, SKY130
 7.00000000e-04, 8.55944485e-05, 7.00000000e-04, 6.99984268e-04, 7.00000000e-04, 1.95948387e-15, 7.00000000e-04 -2.14393595e-15, 7.00000000e-04, 2.06225958e-18, 7.00000000e-04, 8.10563053e-16, 7.00000000e-04, 1.21581873e-15, 7.00000000e-04 -8.08786803e-19, 7.00000000e-04, 1.68624626e-05, 7.00000000e-04, 9.51760449e-01, 7.00000000e-04, 4.09213440e+00, 7.00000000e-04, 6.27001408e+00, 7.00000000e-04, 6.26981108e+00, 7.00000000e-04, 5.93033189e+04, 7.00000000e-04, 4.36821398e+10, 7.00000000e-04, 6.95222848e+09, 7.00000000e-04, 1.22280532e-01 , 1, .300, SKY130
 7.50000000e-04, 7.79105202e-05, 7.50000000e-04, 7.49985536e-04, 7.50000000e-04, 1.96242750e-15, 7.50000000e-04 -2.17779639e-15, 7.50000000e-04, 2.07732435e-18, 7.50000000e-04, 8.11796407e-16, 7.50000000e-04, 1.21767452e-15, 7.50000000e-04 -8.25181167e-19, 7.50000000e-04, 1.75727543e-05, 7.50000000e-04, 9.51009837e-01, 7.50000000e-04, 4.62847396e+00, 7.50000000e-04, 6.77591708e+00, 7.50000000e-04, 6.77569958e+00, 7.50000000e-04, 5.69062757e+04, 7.50000000e-04, 3.97010948e+10, 7.50000000e-04, 6.31862548e+09, 7.50000000e-04, 1.03882697e-01 , 1, .300, SKY130
 8.00000000e-04, 7.12727854e-05, 8.00000000e-04, 7.99988136e-04, 8.00000000e-04, 1.96515830e-15, 8.00000000e-04 -2.21352316e-15, 8.00000000e-04, 2.09123580e-18, 8.00000000e-04, 8.12940227e-16, 8.00000000e-04, 1.21939515e-15, 8.00000000e-04 -8.40342814e-19, 8.00000000e-04, 1.83550777e-05, 8.00000000e-04, 9.50206877e-01, 8.00000000e-04, 5.23988033e+00, 8.00000000e-04, 7.31693372e+00, 8.00000000e-04, 7.31670172e+00, 8.00000000e-04, 5.44808373e+04, 8.00000000e-04, 3.62682159e+10, 8.00000000e-04, 5.77226583e+09, 8.00000000e-04, 8.90923030e-02 , 1, .300, SKY130
 8.50000000e-04, 6.56928923e-05, 8.50000000e-04, 8.49991559e-04, 8.50000000e-04, 1.96767332e-15, 8.50000000e-04 -2.25096949e-15, 8.50000000e-04, 2.10393850e-18, 8.50000000e-04, 8.13993423e-16, 8.50000000e-04, 1.22097905e-15, 8.50000000e-04 -8.54196984e-19, 8.50000000e-04, 1.92477743e-05, 8.50000000e-04, 9.49355206e-01, 8.50000000e-04, 5.93207137e+00, 8.50000000e-04, 7.89062405e+00, 8.50000000e-04, 7.89037755e+00, 8.50000000e-04, 5.19540588e+04, 8.50000000e-04, 3.33860766e+10, 8.50000000e-04, 5.31355913e+09, 8.50000000e-04, 7.72865231e-02 , 1, .300, SKY130
 9.00000000e-04, 6.10869600e-05, 9.00000000e-04, 8.99995045e-04, 9.00000000e-04, 1.96997087e-15, 9.00000000e-04 -2.28987688e-15, 9.00000000e-04, 2.11540496e-18, 9.00000000e-04, 8.14955400e-16, 9.00000000e-04, 1.22242544e-15, 9.00000000e-04 -8.66704798e-19, 9.00000000e-04, 2.03007247e-05, 9.00000000e-04, 9.48461252e-01, 9.00000000e-04, 6.70894361e+00, 9.00000000e-04, 8.49267570e+00, 9.00000000e-04, 8.49241470e+00, 9.00000000e-04, 4.92593253e+04, 9.00000000e-04, 3.10090677e+10, 9.00000000e-04, 4.93524641e+09, 9.00000000e-04, 6.78747737e-02 , 1, .300, SKY130
 9.50000000e-04, 5.72732185e-05, 9.50000000e-04, 9.49997816e-04, 9.50000000e-04, 1.97205347e-15, 9.50000000e-04 -2.32991288e-15, 9.50000000e-04, 2.12564745e-18, 9.50000000e-04, 8.15827322e-16, 9.50000000e-04, 1.22373614e-15, 9.50000000e-04 -8.77875122e-19, 9.50000000e-04, 2.15799749e-05, 9.50000000e-04, 9.47533376e-01, 9.50000000e-04, 7.57271044e+00, 9.50000000e-04, 9.11747806e+00, 9.50000000e-04, 9.11720256e+00, 9.50000000e-04, 4.63392569e+04, 9.50000000e-04, 2.90424267e+10, 9.50000000e-04, 4.62224577e+09, 9.50000000e-04, 6.02877371e-02 , 1, .300, SKY130
